{
  "Extensions": [
    {
      "extensionName": "Files and Folders View for Test Attachments",
      "link": "<a href='https://marketplace.visualstudio.com/items?itemName=asg-cloudtest.asg-cloudtest-attachments' target='_blank'><b>Files and Folders View for Test Attachments</b></a>",
      "publisherId": "asg-cloudtest",
      "extensionId": "asg-cloudtest-attachments",
      "publisherName": "CloudTest",
      "License": "<a href='https://marketplace.visualstudio.com/items?itemName=asg-cloudtest.asg-cloudtest-attachments' target='_blank'>License Terms</a>"
    },
    {
      "extensionName": "Drop Validator Build Task",
      "link": "<a href='https://marketplace.visualstudio.com/items?itemName=AzureArtifacts.drop-validator-task' target='_blank'><b>Drop Validator Build Task</b></a>",
      "publisherId": "AzureArtifacts",
      "extensionId": "drop-validator-task",
      "publisherName": "Microsoft",
      "License": "<a href='https://marketplace.visualstudio.com/items?itemName=AzureArtifacts.drop-validator-task' target='_blank'>License Terms</a>"
    },
    {
      "extensionName": "Manifest Generator Task",
      "link": "<a href='https://marketplace.visualstudio.com/items?itemName=AzureArtifacts.manifest-generator-task' target='_blank'><b>Manifest Generator Task</b></a>",
      "publisherId": "AzureArtifacts",
      "extensionId": "manifest-generator-task",
      "publisherName": "Microsoft",
      "License": "<a href='https://marketplace.visualstudio.com/items?itemName=AzureArtifacts.manifest-generator-task' target='_blank'>License Terms</a>"
    },
    {
      "extensionName": "Repository banner (Prod)",
      "link": "<a href='https://marketplace.visualstudio.com/items?itemName=compliance-internals.onees-repository-banner-prod' target='_blank'><b>Repository banner (Prod)</b></a>",
      "publisherId": "compliance-internals",
      "extensionId": "onees-repository-banner-prod",
      "publisherName": "Compliance Internals",
      "License": "<a href='https://marketplace.visualstudio.com/items?itemName=compliance-internals.onees-repository-banner-prod' target='_blank'>License Terms</a>"
    },
    {
      "extensionName": "Product Catalog Inventory Extension",
      "link": "<a href='https://marketplace.visualstudio.com/items?itemName=compliance-internals.product-catalog-inventory-prod' target='_blank'><b>Product Catalog Inventory Extension</b></a>",
      "publisherId": "compliance-internals",
      "extensionId": "product-catalog-inventory-prod",
      "publisherName": "Compliance Internals",
      "License": "<a href='https://marketplace.visualstudio.com/items?itemName=compliance-internals.product-catalog-inventory-prod' target='_blank'>License Terms</a>"
    },
    {
      "extensionName": "ARM Outputs",
      "link": "<a href='https://marketplace.visualstudio.com/items?itemName=keesschollaart.arm-outputs' target='_blank'><b>ARM Outputs</b></a>",
      "publisherId": "keesschollaart",
      "extensionId": "arm-outputs",
      "publisherName": "Kees Schollaart",
      "License": "<a href='https://marketplace.visualstudio.com/items?itemName=keesschollaart.arm-outputs' target='_blank'>License Terms</a>"
    },
    {
      "extensionName": "Nuget Security Analysis",
      "link": "<a href='https://marketplace.visualstudio.com/items?itemName=ms.nuget-security-analysis' target='_blank'><b>Nuget Security Analysis</b></a>",
      "publisherId": "ms",
      "extensionId": "nuget-security-analysis",
      "publisherName": "Microsoft",
      "License": "<a href='https://marketplace.visualstudio.com/items?itemName=ms.nuget-security-analysis' target='_blank'>License Terms</a>"
    },
    {
      "extensionName": "Product Catalog",
      "link": "<a href='https://marketplace.visualstudio.com/items?itemName=ms.product-catalog' target='_blank'><b>Product Catalog</b></a>",
      "publisherId": "ms",
      "extensionId": "product-catalog",
      "publisherName": "Microsoft",
      "License": "<a href='https://marketplace.visualstudio.com/items?itemName=ms.product-catalog' target='_blank'>License Terms</a>"
    },
    {
      "extensionName": "Component Governance Build Task",
      "link": "<a href='https://marketplace.visualstudio.com/items?itemName=ms.vss-governance-buildtask' target='_blank'><b>Component Governance Build Task</b></a>",
      "publisherId": "ms",
      "extensionId": "vss-governance-buildtask",
      "publisherName": "Microsoft",
      "License": "<a href='https://marketplace.visualstudio.com/items?itemName=ms.vss-governance-buildtask' target='_blank'>License Terms</a>"
    },
    {
      "extensionName": "Microsoft Component Policies",
      "link": "<a href='https://marketplace.visualstudio.com/items?itemName=ms-compliance.microsoft-component-policies' target='_blank'><b>Microsoft Component Policies</b></a>",
      "publisherId": "ms-compliance",
      "extensionId": "microsoft-component-policies",
      "publisherName": "Compliance Partners",
      "License": "<a href='https://marketplace.visualstudio.com/items?itemName=ms-compliance.microsoft-component-policies' target='_blank'>License Terms</a>"
    },
    {
      "extensionName": "Team Project Health",
      "link": "<a href='https://marketplace.visualstudio.com/items?itemName=ms-devlabs.TeamProjectHealth' target='_blank'><b>Team Project Health</b></a>",
      "publisherId": "ms-devlabs",
      "extensionId": "TeamProjectHealth",
      "publisherName": "Microsoft DevLabs",
      "License": "<a href='https://marketplace.visualstudio.com/items?itemName=ms-devlabs.TeamProjectHealth' target='_blank'>License Terms</a>"
    },
    {
      "extensionName": "Release Management Utility tasks",
      "link": "<a href='https://marketplace.visualstudio.com/items?itemName=ms-devlabs.utilitytasks' target='_blank'><b>Release Management Utility tasks</b></a>",
      "publisherId": "ms-devlabs",
      "extensionId": "utilitytasks",
      "publisherName": "Microsoft DevLabs",
      "License": "<a href='https://marketplace.visualstudio.com/items?itemName=ms-devlabs.utilitytasks' target='_blank'>License Terms</a>"
    },
    {
      "extensionName": "Terraform",
      "link": "<a href='https://marketplace.visualstudio.com/items?itemName=petergroenewegen.PeterGroenewegen-Xpirit-Vsts-Release-Terraform' target='_blank'><b>Terraform</b></a>",
      "publisherId": "petergroenewegen",
      "extensionId": "PeterGroenewegen-Xpirit-Vsts-Release-Terraform",
      "publisherName": "Peter Groenewegen",
      "License": "<a href='https://marketplace.visualstudio.com/items?itemName=petergroenewegen.PeterGroenewegen-Xpirit-Vsts-Release-Terraform' target='_blank'>License Terms</a>"
    },
    {
      "extensionName": "Replace Tokens",
      "link": "<a href='https://marketplace.visualstudio.com/items?itemName=qetza.replacetokens' target='_blank'><b>Replace Tokens</b></a>",
      "publisherId": "qetza",
      "extensionId": "replacetokens",
      "publisherName": "Guillaume Rouchon",
      "License": "<a href='https://marketplace.visualstudio.com/items?itemName=qetza.replacetokens' target='_blank'>License Terms</a>"
    },
    {
      "extensionName": "SARIF SAST Scans Tab",
      "link": "<a href='https://marketplace.visualstudio.com/items?itemName=sariftools.scans' target='_blank'><b>SARIF SAST Scans Tab</b></a>",
      "publisherId": "sariftools",
      "extensionId": "scans",
      "publisherName": "Microsoft DevLabs",
      "License": "<a href='https://marketplace.visualstudio.com/items?itemName=sariftools.scans' target='_blank'>License Terms</a>"
    },
    {
      "extensionName": "Bower",
      "link": "<a href='https://marketplace.visualstudio.com/items?itemName=touchify.vsts-bower' target='_blank'><b>Bower</b></a>",
      "publisherId": "touchify",
      "extensionId": "vsts-bower",
      "publisherName": "Touchify",
      "License": "<a href='https://marketplace.visualstudio.com/items?itemName=touchify.vsts-bower' target='_blank'>License Terms</a>"
    },
    {
      "extensionName": "Component Governance",
      "link": "<a href='https://marketplace.visualstudio.com/items?itemName=ms.vss-governance-web' target='_blank'><b>Component Governance</b></a>",
      "publisherId": "ms",
      "extensionId": "vss-governance-web",
      "publisherName": "Microsoft",
      "License": "<a href='https://marketplace.visualstudio.com/items?itemName=ms.vss-governance-web' target='_blank'>License Terms</a>"
    }
  ]
}