{
  "count": 17,
  "value": [
    {
      "id": 6015,
      "rev": 5,
      "fields": {
        "System.AreaPath": "Migration Focus Group - IAC",
        "System.TeamProject": "Migration Focus Group - IAC",
        "System.IterationPath": "$ProjectName$\\Redeployment - Rehosting of Migration Waves",
        "System.WorkItemType": "Activity",
        "System.State": "New",
        "System.Reason": "New",
        "System.CreatedDate": "2021-09-16T21:52:09.68Z",
        "System.CreatedBy": "Ricardo Martins <ricmart@microsoft.com>",
        "System.ChangedDate": "2021-09-17T15:13:22.847Z",
        "System.ChangedBy": "Ricardo Martins <ricmart@microsoft.com>",
        "System.Title": "1.1.1 - Prepared list of servers to be migrated delineated by migration wave",
        "Microsoft.VSTS.Scheduling.Effort": 0.0,
        "System.Description": null,
        "System.AssignedTo": null,
        "Microsoft.VSTS.Scheduling.RemainingWork": 0.0,
        "Microsoft.VSTS.Common.Priority": 2.0,
        "System.BoardLane": null,
        "System.Tags": null,
        "Microsoft.VSTS.TCM.Steps": null,
        "Microsoft.VSTS.TCM.Parameters": null,
        "Microsoft.VSTS.TCM.LocalDataSource": null,
        "Microsoft.VSTS.TCM.AutomationStatus": null,
        "System.History": null
      },
      "relations": [
        {
          "rel": "System.LinkTypes.Hierarchy-Reverse",
          "url": "https://dev.azure.com/ricmart/_apis/wit/workItems/6004",
          "attributes": {
            "isLocked": "false",
            "name": "Parent"
          }
        }
      ],
      "url": "https://dev.azure.com/ricmart/_apis/wit/workItems/6015"
    },
    {
      "id": 6016,
      "rev": 6,
      "fields": {
        "System.AreaPath": "Migration Focus Group - IAC",
        "System.TeamProject": "Migration Focus Group - IAC",
        "System.IterationPath": "$ProjectName$\\Redeployment - Rehosting of Migration Waves",
        "System.WorkItemType": "Activity",
        "System.State": "New",
        "System.Reason": "New",
        "System.CreatedDate": "2021-09-16T21:52:54.677Z",
        "System.CreatedBy": "Ricardo Martins <ricmart@microsoft.com>",
        "System.ChangedDate": "2021-09-17T15:20:31.563Z",
        "System.ChangedBy": "Ricardo Martins <ricmart@microsoft.com>",
        "System.Title": "1.1.2 - Set up variables/parameters for the VM templates that include",
        "Microsoft.VSTS.Scheduling.Effort": 0.0,
        "System.Description": "<div><ul><ul><li style=\"cursor:text;clear:both;font-size:11pt;font-family:Calibri, Calibri_MSFontService, sans-serif;\"><p style=\"margin:0px;font-weight:normal;color:windowtext;text-align:left;\"><span lang=EN-US style=\"margin:0px;font-family:Calibri, Calibri_EmbeddedFont, Calibri_MSFontService, sans-serif;\"><span style=\"margin:0px;\">Sizing</span><span style=\"margin:0px;\"><span>&nbsp;</span>Information</span></span><span style=\"margin:0px;font-family:Calibri, Calibri_EmbeddedFont, Calibri_MSFontService, sans-serif;\">&nbsp;</span></p></li><li style=\"cursor:text;clear:both;font-size:11pt;font-family:Calibri, Calibri_MSFontService, sans-serif;\"><p style=\"margin:0px;font-weight:normal;color:windowtext;text-align:left;\"><span lang=EN-US style=\"margin:0px;font-family:Calibri, Calibri_EmbeddedFont, Calibri_MSFontService, sans-serif;\"><span style=\"margin:0px;\">Amount of Disks</span></span><span style=\"margin:0px;font-family:Calibri, Calibri_EmbeddedFont, Calibri_MSFontService, sans-serif;\">&nbsp;</span></p></li><li style=\"cursor:text;clear:both;font-size:11pt;font-family:Calibri, Calibri_MSFontService, sans-serif;\"><p style=\"margin:0px;font-weight:normal;color:windowtext;text-align:left;\"><span lang=EN-US style=\"margin:0px;font-family:Calibri, Calibri_EmbeddedFont, Calibri_MSFontService, sans-serif;\"><span style=\"margin:0px;\">Storage</span></span><span style=\"margin:0px;font-family:Calibri, Calibri_EmbeddedFont, Calibri_MSFontService, sans-serif;\">&nbsp;</span></p></li><li style=\"cursor:text;clear:both;font-size:11pt;font-family:Calibri, Calibri_MSFontService, sans-serif;\"><p style=\"margin:0px;font-weight:normal;color:windowtext;text-align:left;\"><span lang=EN-US style=\"margin:0px;font-family:Calibri, Calibri_EmbeddedFont, Calibri_MSFontService, sans-serif;\"><span style=\"margin:0px;\">Marketplace Image</span></span><span style=\"margin:0px;font-family:Calibri, Calibri_EmbeddedFont, Calibri_MSFontService, sans-serif;\">&nbsp;</span></p></li><ul><li style=\"cursor:text;clear:both;font-size:11pt;font-family:Calibri, Calibri_MSFontService, sans-serif;\"><p style=\"margin:0px;font-weight:normal;color:windowtext;text-align:left;\"><span lang=EN-US style=\"margin:0px;font-family:Calibri, Calibri_EmbeddedFont, Calibri_MSFontService, sans-serif;\"><span style=\"margin:0px;\">OS</span></span><span style=\"margin:0px;font-family:Calibri, Calibri_EmbeddedFont, Calibri_MSFontService, sans-serif;\">&nbsp;</span></p></li><li style=\"cursor:text;clear:both;font-size:11pt;font-family:Calibri, Calibri_MSFontService, sans-serif;\"><p style=\"margin:0px;font-weight:normal;color:windowtext;text-align:left;\"><span lang=EN-US style=\"margin:0px;font-family:Calibri, Calibri_EmbeddedFont, Calibri_MSFontService, sans-serif;\"><span style=\"margin:0px;\">needs to be identified and include any prebaked software needed for the migration</span></span><span style=\"margin:0px;font-family:Calibri, Calibri_EmbeddedFont, Calibri_MSFontService, sans-serif;\">&nbsp;</span></p></li></ul><li style=\"cursor:text;clear:both;font-size:11pt;font-family:Calibri, Calibri_MSFontService, sans-serif;\"><p style=\"margin:0px;font-weight:normal;color:windowtext;text-align:left;\"><span lang=EN-US style=\"margin:0px;font-family:Calibri, Calibri_EmbeddedFont, Calibri_MSFontService, sans-serif;\"><span style=\"margin:0px;\">Tags</span></span><span style=\"margin:0px;font-family:Calibri, Calibri_EmbeddedFont, Calibri_MSFontService, sans-serif;\">&nbsp;</span></p></li><li style=\"cursor:text;clear:both;font-size:11pt;font-family:Calibri, Calibri_MSFontService, sans-serif;\"><p style=\"margin:0px;font-weight:normal;color:windowtext;text-align:left;\"><span lang=EN-US style=\"margin:0px;font-family:Calibri, Calibri_EmbeddedFont, Calibri_MSFontService, sans-serif;\"><span style=\"margin:0px;\">Target virtual network and subnet</span></span><span style=\"margin:0px;font-family:Calibri, Calibri_EmbeddedFont, Calibri_MSFontService, sans-serif;\">&nbsp;</span></p></li><li style=\"cursor:text;clear:both;font-size:11pt;font-family:Calibri, Calibri_MSFontService, sans-serif;\"><p style=\"margin:0px;font-weight:normal;color:windowtext;text-align:left;\"><span lang=EN-US style=\"margin:0px;font-family:Calibri, Calibri_EmbeddedFont, Calibri_MSFontService, sans-serif;\"><span style=\"margin:0px;\">Target subscription and resource group</span></span><span style=\"margin:0px;font-family:Calibri, Calibri_EmbeddedFont, Calibri_MSFontService, sans-serif;\">&nbsp;</span></p></li><li style=\"cursor:text;clear:both;font-size:11pt;font-family:Calibri, Calibri_MSFontService, sans-serif;\"><p style=\"margin:0px;font-weight:normal;color:windowtext;text-align:left;\"><span lang=EN-US style=\"margin:0px;font-family:Calibri, Calibri_EmbeddedFont, Calibri_MSFontService, sans-serif;\"><span style=\"margin:0px;\">Optional</span></span><span style=\"margin:0px;font-family:Calibri, Calibri_EmbeddedFont, Calibri_MSFontService, sans-serif;\">&nbsp;</span></p></li><ul><li style=\"cursor:text;clear:both;font-size:11pt;font-family:Calibri, Calibri_MSFontService, sans-serif;\"><p style=\"margin:0px;font-weight:normal;color:windowtext;text-align:left;\"><span lang=EN-US style=\"margin:0px;font-family:Calibri, Calibri_EmbeddedFont, Calibri_MSFontService, sans-serif;\"><span style=\"margin:0px;\">Tags</span></span><span style=\"margin:0px;font-family:Calibri, Calibri_EmbeddedFont, Calibri_MSFontService, sans-serif;\">&nbsp;</span></p></li><li style=\"cursor:text;clear:both;font-size:11pt;font-family:Calibri, Calibri_MSFontService, sans-serif;\"><p style=\"margin:0px;font-weight:normal;color:windowtext;text-align:left;\"><span lang=EN-US style=\"margin:0px;font-family:Calibri, Calibri_EmbeddedFont, Calibri_MSFontService, sans-serif;\"><span style=\"margin:0px;\">Redundancy (AV Set or Availability Zones)</span></span><span style=\"margin:0px;font-family:Calibri, Calibri_EmbeddedFont, Calibri_MSFontService, sans-serif;\">&nbsp;</span></p></li></ul></ul></ul><br></div>",
        "System.AssignedTo": null,
        "Microsoft.VSTS.Scheduling.RemainingWork": 0.0,
        "Microsoft.VSTS.Common.Priority": 2.0,
        "System.BoardLane": null,
        "System.Tags": null,
        "Microsoft.VSTS.TCM.Steps": null,
        "Microsoft.VSTS.TCM.Parameters": null,
        "Microsoft.VSTS.TCM.LocalDataSource": null,
        "Microsoft.VSTS.TCM.AutomationStatus": null,
        "System.History": null
      },
      "relations": [
        {
          "rel": "System.LinkTypes.Hierarchy-Reverse",
          "url": "https://dev.azure.com/ricmart/_apis/wit/workItems/6004",
          "attributes": {
            "isLocked": "false",
            "name": "Parent"
          }
        }
      ],
      "url": "https://dev.azure.com/ricmart/_apis/wit/workItems/6016"
    },
    {
      "id": 6017,
      "rev": 5,
      "fields": {
        "System.AreaPath": "Migration Focus Group - IAC",
        "System.TeamProject": "Migration Focus Group - IAC",
        "System.IterationPath": "$ProjectName$\\Redeployment - Rehosting of Migration Waves",
        "System.WorkItemType": "Activity",
        "System.State": "New",
        "System.Reason": "New",
        "System.CreatedDate": "2021-09-16T21:53:39.203Z",
        "System.CreatedBy": "Ricardo Martins <ricmart@microsoft.com>",
        "System.ChangedDate": "2021-09-17T15:13:33.53Z",
        "System.ChangedBy": "Ricardo Martins <ricmart@microsoft.com>",
        "System.Title": "1.1.3 - Naming conventions for resources in migration waves/environments",
        "Microsoft.VSTS.Scheduling.Effort": 0.0,
        "System.Description": "<ul><ul><li style=\"cursor:text;clear:both;font-size:11pt;font-family:Calibri, Calibri_MSFontService, sans-serif;\"><p style=\"margin:0px;font-weight:normal;color:windowtext;text-align:left;\"><span lang=EN-US style=\"margin:0px;font-family:Calibri, Calibri_EmbeddedFont, Calibri_MSFontService, sans-serif;\"><span style=\"margin:0px;\">Guidance:<span>&nbsp;</span></span></span><a href=\"https://docs.microsoft.com/en-us/azure/cloud-adoption-framework/ready/azure-best-practices/resource-naming\" target=_blank rel=\"noreferrer noopener\" style=\"margin:0px;cursor:pointer;\"><span lang=EN-US style=\"margin:0px;color:rgb(0, 0, 255);text-decoration:underline;font-family:Calibri, Calibri_EmbeddedFont, Calibri_MSFontService, sans-serif;\"><span style=\"margin:0px;\">https://docs.microsoft.com/en-us/azure/cloud-adoption-framework/ready/azure-best-practices/resource-naming</span></span></a><span lang=EN-US style=\"margin:0px;font-family:Calibri, Calibri_EmbeddedFont, Calibri_MSFontService, sans-serif;\"></span><span style=\"margin:0px;font-family:Calibri, Calibri_EmbeddedFont, Calibri_MSFontService, sans-serif;\">&nbsp;</span></p></li><li style=\"cursor:text;clear:both;font-size:11pt;font-family:Calibri, Calibri_MSFontService, sans-serif;\"><p style=\"margin:0px;font-weight:normal;color:windowtext;text-align:left;\"><span lang=EN-US style=\"margin:0px;font-family:Calibri, Calibri_EmbeddedFont, Calibri_MSFontService, sans-serif;\"><span style=\"margin:0px;\">Abbreviations Per Resource:<span>&nbsp;</span></span></span><a href=\"https://docs.microsoft.com/en-us/azure/cloud-adoption-framework/ready/azure-best-practices/resource-abbreviations\" target=_blank rel=\"noreferrer noopener\" style=\"margin:0px;cursor:pointer;\"><span lang=EN-US style=\"margin:0px;color:rgb(0, 0, 255);text-decoration:underline;font-family:Calibri, Calibri_EmbeddedFont, Calibri_MSFontService, sans-serif;\"><span style=\"margin:0px;\">https://docs.microsoft.com/en-us/azure/cloud-adoption-framework/ready/azure-best-practices/resource-abbreviations</span></span></a><span lang=EN-US style=\"margin:0px;font-family:Calibri, Calibri_EmbeddedFont, Calibri_MSFontService, sans-serif;\"></span><span style=\"margin:0px;font-family:Calibri, Calibri_EmbeddedFont, Calibri_MSFontService, sans-serif;\">&nbsp;</span></p></li></ul></ul><br>",
        "System.AssignedTo": null,
        "Microsoft.VSTS.Scheduling.RemainingWork": 0.0,
        "Microsoft.VSTS.Common.Priority": 2.0,
        "System.BoardLane": null,
        "System.Tags": null,
        "Microsoft.VSTS.TCM.Steps": null,
        "Microsoft.VSTS.TCM.Parameters": null,
        "Microsoft.VSTS.TCM.LocalDataSource": null,
        "Microsoft.VSTS.TCM.AutomationStatus": null,
        "System.History": null
      },
      "relations": [
        {
          "rel": "System.LinkTypes.Hierarchy-Reverse",
          "url": "https://dev.azure.com/ricmart/_apis/wit/workItems/6004",
          "attributes": {
            "isLocked": "false",
            "name": "Parent"
          }
        }
      ],
      "url": "https://dev.azure.com/ricmart/_apis/wit/workItems/6017"
    },
    {
      "id": 6018,
      "rev": 4,
      "fields": {
        "System.AreaPath": "Migration Focus Group - IAC",
        "System.TeamProject": "Migration Focus Group - IAC",
        "System.IterationPath": "$ProjectName$\\Redeployment - Rehosting of Migration Waves",
        "System.WorkItemType": "Activity",
        "System.State": "New",
        "System.Reason": "New",
        "System.CreatedDate": "2021-09-16T21:54:10.007Z",
        "System.CreatedBy": "Ricardo Martins <ricmart@microsoft.com>",
        "System.ChangedDate": "2021-09-17T15:14:04.847Z",
        "System.ChangedBy": "Ricardo Martins <ricmart@microsoft.com>",
        "System.Title": "1.2.1 - Bicep",
        "Microsoft.VSTS.Scheduling.Effort": 0.0,
        "System.Description": "<div><div style=\"margin:0px;font-family:Calibri, Calibri_MSFontService, sans-serif;font-size:14.6667px;text-align:left;\"><div style=\"margin:0px;cursor:text;clear:both;\"><p style=\"margin:0px;font-weight:normal;color:windowtext;\"><span lang=EN-US style=\"margin:0px;font-size:11pt;font-family:Calibri, Calibri_EmbeddedFont, Calibri_MSFontService, sans-serif;\"><span style=\"margin:0px;\">Bicep is a declarative language that deploys Azure resources. In this migration scenario, it is useful for standardizing the type of VMs, Virtual Networks, Resource Groups, etc. that are being migrated to Azure.</span></span><span style=\"margin:0px;font-size:11pt;font-family:Calibri, Calibri_EmbeddedFont, Calibri_MSFontService, sans-serif;\">&nbsp;</span></p></div><div style=\"margin:0px;cursor:text;clear:both;\"><p style=\"margin:0px;font-weight:normal;color:windowtext;\"><span lang=EN-US style=\"margin:0px;font-size:11pt;font-family:Calibri, Calibri_EmbeddedFont, Calibri_MSFontService, sans-serif;\"><span style=\"margin:0px;\">&nbsp;</span></span><span style=\"margin:0px;font-size:11pt;font-family:Calibri, Calibri_EmbeddedFont, Calibri_MSFontService, sans-serif;\">&nbsp;</span></p></div><div style=\"margin:0px;cursor:text;clear:both;\"><p style=\"margin:0px;font-weight:normal;color:windowtext;\"><span lang=EN-US style=\"margin:0px;font-size:11pt;font-family:Calibri, Calibri_EmbeddedFont, Calibri_MSFontService, sans-serif;\"><span style=\"margin:0px;\">Below is guidance for getting started with creating Bicep templates and integrating it within Azure DevOps Pipelines</span><span style=\"margin:0px;\">:&nbsp;</span></span><span style=\"margin:0px;font-size:11pt;font-family:Calibri, Calibri_EmbeddedFont, Calibri_MSFontService, sans-serif;\">&nbsp;</span></p></div></div><ul><li style=\"cursor:text;clear:both;font-size:11pt;font-family:Calibri, Calibri_MSFontService, sans-serif;\"><p style=\"margin:0px;font-weight:normal;color:windowtext;text-align:left;\"><span lang=EN-US style=\"margin:0px;font-family:Calibri, Calibri_EmbeddedFont, Calibri_MSFontService, sans-serif;\"><span style=\"margin:0px;\">Bicep CLI commands and overview:<span>&nbsp;</span></span></span><a href=\"https://docs.microsoft.com/en-us/azure/azure-resource-manager/bicep/bicep-cli\" target=_blank rel=\"noreferrer noopener\" style=\"margin:0px;cursor:pointer;\"><span lang=EN-US style=\"margin:0px;color:rgb(0, 0, 255);text-decoration:underline;font-family:Calibri, Calibri_EmbeddedFont, Calibri_MSFontService, sans-serif;\"><span style=\"margin:0px;\">https://docs.microsoft.com/en-us/azure/azure-resource-manager/bicep/bicep-cli</span></span></a><span lang=EN-US style=\"margin:0px;font-family:Calibri, Calibri_EmbeddedFont, Calibri_MSFontService, sans-serif;\"></span><span style=\"margin:0px;font-family:Calibri, Calibri_EmbeddedFont, Calibri_MSFontService, sans-serif;\">&nbsp;</span></p></li><li style=\"cursor:text;clear:both;font-size:11pt;font-family:Calibri, Calibri_MSFontService, sans-serif;\"><p style=\"margin:0px;font-weight:normal;color:windowtext;text-align:left;\"><span lang=EN-US style=\"margin:0px;font-family:Calibri, Calibri_EmbeddedFont, Calibri_MSFontService, sans-serif;\"><span style=\"margin:0px;\">Integration with Azure DevOps Pipelines:<span>&nbsp;</span></span></span><a href=\"https://docs.microsoft.com/en-us/azure/azure-resource-manager/bicep/add-template-to-azure-pipelines\" target=_blank rel=\"noreferrer noopener\" style=\"margin:0px;cursor:pointer;\"><span lang=EN-US style=\"margin:0px;color:rgb(0, 0, 255);text-decoration:underline;font-family:Calibri, Calibri_EmbeddedFont, Calibri_MSFontService, sans-serif;\"><span style=\"margin:0px;\">https://docs.microsoft.com/en-us/azure/azure-resource-manager/bicep/add-template-to-azure-pipelines</span></span></a><span lang=EN-US style=\"margin:0px;font-family:Calibri, Calibri_EmbeddedFont, Calibri_MSFontService, sans-serif;\"></span><span style=\"margin:0px;font-family:Calibri, Calibri_EmbeddedFont, Calibri_MSFontService, sans-serif;\">&nbsp;</span></p></li><ul><li style=\"cursor:text;clear:both;font-size:11pt;font-family:Calibri, Calibri_MSFontService, sans-serif;\"><p style=\"margin:0px;font-weight:normal;color:windowtext;text-align:left;\"><span lang=EN-US style=\"margin:0px;font-family:Calibri, Calibri_EmbeddedFont, Calibri_MSFontService, sans-serif;\"><span style=\"margin:0px;\">Uses Azure CLI Task to execute the Bicep deployment</span></span><span style=\"margin:0px;font-family:Calibri, Calibri_EmbeddedFont, Calibri_MSFontService, sans-serif;\">&nbsp;</span></p></li></ul><li style=\"cursor:text;clear:both;font-size:11pt;font-family:Calibri, Calibri_MSFontService, sans-serif;\"><p style=\"margin:0px;font-weight:normal;color:windowtext;text-align:left;\"><span lang=EN-US style=\"margin:0px;font-family:Calibri, Calibri_EmbeddedFont, Calibri_MSFontService, sans-serif;\"><span style=\"margin:0px;\">Pre-deployment checks with Bicep:<span>&nbsp;</span></span></span><a href=\"https://docs.microsoft.com/en-us/azure/azure-resource-manager/bicep/deploy-what-if?tabs=azure-powershell\" target=_blank rel=\"noreferrer noopener\" style=\"margin:0px;cursor:pointer;\"><span lang=EN-US style=\"margin:0px;color:rgb(0, 0, 255);text-decoration:underline;font-family:Calibri, Calibri_EmbeddedFont, Calibri_MSFontService, sans-serif;\"><span style=\"margin:0px;\">https://docs.microsoft.com/en-us/azure/azure-resource-manager/bicep/deploy-what-if?tabs=azure-powershell</span></span></a><span lang=EN-US style=\"margin:0px;font-family:Calibri, Calibri_EmbeddedFont, Calibri_MSFontService, sans-serif;\"></span><span style=\"margin:0px;font-family:Calibri, Calibri_EmbeddedFont, Calibri_MSFontService, sans-serif;\">&nbsp;</span></p></li></ul><br></div>",
        "System.AssignedTo": null,
        "Microsoft.VSTS.Scheduling.RemainingWork": 0.0,
        "Microsoft.VSTS.Common.Priority": 2.0,
        "System.BoardLane": null,
        "System.Tags": null,
        "Microsoft.VSTS.TCM.Steps": null,
        "Microsoft.VSTS.TCM.Parameters": null,
        "Microsoft.VSTS.TCM.LocalDataSource": null,
        "Microsoft.VSTS.TCM.AutomationStatus": null,
        "System.History": null
      },
      "relations": [
        {
          "rel": "System.LinkTypes.Hierarchy-Reverse",
          "url": "https://dev.azure.com/ricmart/_apis/wit/workItems/6006",
          "attributes": {
            "isLocked": "false",
            "name": "Parent"
          }
        }
      ],
      "url": "https://dev.azure.com/ricmart/_apis/wit/workItems/6018"
    },
    {
      "id": 6019,
      "rev": 4,
      "fields": {
        "System.AreaPath": "Migration Focus Group - IAC",
        "System.TeamProject": "Migration Focus Group - IAC",
        "System.IterationPath": "$ProjectName$\\Redeployment - Rehosting of Migration Waves",
        "System.WorkItemType": "Activity",
        "System.State": "New",
        "System.Reason": "New",
        "System.CreatedDate": "2021-09-16T21:54:29.813Z",
        "System.CreatedBy": "Ricardo Martins <ricmart@microsoft.com>",
        "System.ChangedDate": "2021-09-17T15:14:38.517Z",
        "System.ChangedBy": "Ricardo Martins <ricmart@microsoft.com>",
        "System.Title": "1.2.2 - Shared Image Gallery + Azure Image Builder",
        "Microsoft.VSTS.Scheduling.Effort": 0.0,
        "System.Description": "<div><ul><li style=\"cursor:text;clear:both;font-size:11pt;font-family:Calibri, Calibri_MSFontService, sans-serif;\"><p style=\"margin:0px;font-weight:normal;color:windowtext;text-align:left;\"><span lang=EN-US style=\"margin:0px;font-family:Calibri, Calibri_EmbeddedFont, Calibri_MSFontService, sans-serif;\"><span style=\"margin:0px;\">Shared Image Gallery can be utilized to manage,<span>&nbsp;</span></span><span style=\"margin:0px;\">share,</span><span style=\"margin:0px;\"><span>&nbsp;</span>and globally distribute VM images within Azure. In the context of Migrations, it can be used for storing images<span>&nbsp;</span></span><span style=\"margin:0px;\">utilized for the deployment</span><span style=\"margin:0px;\">.</span></span><span style=\"margin:0px;font-family:Calibri, Calibri_EmbeddedFont, Calibri_MSFontService, sans-serif;\">&nbsp;</span></p></li><ul><li style=\"cursor:text;clear:both;font-size:11pt;font-family:Calibri, Calibri_MSFontService, sans-serif;\"><p style=\"margin:0px;font-weight:normal;color:windowtext;text-align:left;\"><span lang=EN-US style=\"margin:0px;font-family:Calibri, Calibri_EmbeddedFont, Calibri_MSFontService, sans-serif;\"></span><a href=\"https://docs.microsoft.com/en-us/azure/virtual-machines/shared-image-galleries\" target=_blank rel=\"noreferrer noopener\" style=\"margin:0px;cursor:pointer;\"><span lang=EN-US style=\"margin:0px;color:rgb(0, 0, 255);text-decoration:underline;font-family:Calibri, Calibri_EmbeddedFont, Calibri_MSFontService, sans-serif;\"><span style=\"margin:0px;\">https://docs.microsoft.com/en-us/azure/virtual-machines/shared-image-galleries</span></span></a><span lang=EN-US style=\"margin:0px;font-family:Calibri, Calibri_EmbeddedFont, Calibri_MSFontService, sans-serif;\"></span><span style=\"margin:0px;font-family:Calibri, Calibri_EmbeddedFont, Calibri_MSFontService, sans-serif;\">&nbsp;</span></p></li></ul><li style=\"cursor:text;clear:both;font-size:11pt;font-family:Calibri, Calibri_MSFontService, sans-serif;\"><p style=\"margin:0px;font-weight:normal;color:windowtext;text-align:left;\"><span lang=EN-US style=\"margin:0px;font-family:Calibri, Calibri_EmbeddedFont, Calibri_MSFontService, sans-serif;\"><span style=\"margin:0px;\">Azure Image Builder is used to templatize VM Image customizations in a declarative way. In the context of migrations, it can be used in conjunction with Shared Image Gallery to execute</span><span style=\"margin:0px;\"><span>&nbsp;</span>custom</span><span style=\"margin:0px;\"><span>&nbsp;</span></span><span style=\"margin:0px;\">pre- and post-</span><span style=\"margin:0px;\"><span>&nbsp;</span>scripts and</span><span style=\"margin:0px;\"><span>&nbsp;</span>install extensions onto the</span><span style=\"margin:0px;\"><span>&nbsp;</span>migrated</span><span style=\"margin:0px;\"><span>&nbsp;</span>VMs.</span></span><span style=\"margin:0px;font-family:Calibri, Calibri_EmbeddedFont, Calibri_MSFontService, sans-serif;\">&nbsp;</span></p></li><ul><li style=\"cursor:text;clear:both;font-size:11pt;font-family:Calibri, Calibri_MSFontService, sans-serif;\"><p style=\"margin:0px;font-weight:normal;color:windowtext;text-align:left;\"><span lang=EN-US style=\"margin:0px;font-family:Calibri, Calibri_EmbeddedFont, Calibri_MSFontService, sans-serif;\"></span><a href=\"https://docs.microsoft.com/en-us/azure/virtual-machines/image-builder-overview\" target=_blank rel=\"noreferrer noopener\" style=\"margin:0px;cursor:pointer;\"><span lang=EN-US style=\"margin:0px;color:rgb(0, 0, 255);text-decoration:underline;font-family:Calibri, Calibri_EmbeddedFont, Calibri_MSFontService, sans-serif;\"><span style=\"margin:0px;\">https://docs.microsoft.com/en-us/azure/virtual-machines/image-builder-overview</span></span></a><span lang=EN-US style=\"margin:0px;font-family:Calibri, Calibri_EmbeddedFont, Calibri_MSFontService, sans-serif;\"></span><span style=\"margin:0px;font-family:Calibri, Calibri_EmbeddedFont, Calibri_MSFontService, sans-serif;\">&nbsp;</span></p></li><li style=\"cursor:text;clear:both;font-size:11pt;font-family:Calibri, Calibri_MSFontService, sans-serif;\"><p style=\"margin:0px;font-weight:normal;color:windowtext;text-align:left;\"><span lang=EN-US style=\"margin:0px;font-family:Calibri, Calibri_EmbeddedFont, Calibri_MSFontService, sans-serif;\"><span style=\"margin:0px;\">DevOps Task:<span>&nbsp;</span></span></span><a href=\"https://docs.microsoft.com/en-us/azure/virtual-machines/linux/image-builder-devops-task\" target=_blank rel=\"noreferrer noopener\" style=\"margin:0px;cursor:pointer;\"><span lang=EN-US style=\"margin:0px;color:rgb(0, 0, 255);text-decoration:underline;font-family:Calibri, Calibri_EmbeddedFont, Calibri_MSFontService, sans-serif;\"><span style=\"margin:0px;\">https://docs.microsoft.com/en-us/azure/virtual-machines/linux/image-builder-devops-task</span></span></a><span lang=EN-US style=\"margin:0px;font-family:Calibri, Calibri_EmbeddedFont, Calibri_MSFontService, sans-serif;\"></span><span style=\"margin:0px;font-family:Calibri, Calibri_EmbeddedFont, Calibri_MSFontService, sans-serif;\">&nbsp;</span></p></li></ul></ul><br></div>",
        "System.AssignedTo": null,
        "Microsoft.VSTS.Scheduling.RemainingWork": 0.0,
        "Microsoft.VSTS.Common.Priority": 2.0,
        "System.BoardLane": null,
        "System.Tags": null,
        "Microsoft.VSTS.TCM.Steps": null,
        "Microsoft.VSTS.TCM.Parameters": null,
        "Microsoft.VSTS.TCM.LocalDataSource": null,
        "Microsoft.VSTS.TCM.AutomationStatus": null,
        "System.History": null
      },
      "relations": [
        {
          "rel": "System.LinkTypes.Hierarchy-Reverse",
          "url": "https://dev.azure.com/ricmart/_apis/wit/workItems/6006",
          "attributes": {
            "isLocked": "false",
            "name": "Parent"
          }
        }
      ],
      "url": "https://dev.azure.com/ricmart/_apis/wit/workItems/6019"
    },
    {
      "id": 6020,
      "rev": 4,
      "fields": {
        "System.AreaPath": "Migration Focus Group - IAC",
        "System.TeamProject": "Migration Focus Group - IAC",
        "System.IterationPath": "$ProjectName$\\Redeployment - Rehosting of Migration Waves",
        "System.WorkItemType": "Activity",
        "System.State": "New",
        "System.Reason": "New",
        "System.CreatedDate": "2021-09-16T21:54:49.187Z",
        "System.CreatedBy": "Ricardo Martins <ricmart@microsoft.com>",
        "System.ChangedDate": "2021-09-17T15:14:23.873Z",
        "System.ChangedBy": "Ricardo Martins <ricmart@microsoft.com>",
        "System.Title": "1.2.3 - Azure DevOps",
        "Microsoft.VSTS.Scheduling.Effort": 0.0,
        "System.Description": "<div><ul><li style=\"cursor:text;clear:both;font-size:11pt;font-family:Calibri, Calibri_MSFontService, sans-serif;\"><p style=\"margin:0px;font-weight:normal;color:windowtext;text-align:left;\"><span lang=EN-US style=\"margin:0px;font-family:Calibri, Calibri_EmbeddedFont, Calibri_MSFontService, sans-serif;\"><span style=\"margin:0px;\">Azure DevOps Pipelines<span>&nbsp;</span></span><span style=\"margin:0px;\">are used to automate and build code projects.</span></span><span style=\"margin:0px;font-family:Calibri, Calibri_EmbeddedFont, Calibri_MSFontService, sans-serif;\">&nbsp;</span></p></li><ul><li style=\"cursor:text;clear:both;font-size:11pt;font-family:Calibri, Calibri_MSFontService, sans-serif;\"><p style=\"margin:0px;font-weight:normal;color:windowtext;text-align:left;\"><span lang=EN-US style=\"margin:0px;font-family:Calibri, Calibri_EmbeddedFont, Calibri_MSFontService, sans-serif;\"><span style=\"margin:0px;\">Using Azure Pipelines:<span>&nbsp;</span></span></span><a href=\"https://docs.microsoft.com/en-us/azure/devops/pipelines/get-started/pipelines-get-started?view=azure-devops\" target=_blank rel=\"noreferrer noopener\" style=\"margin:0px;cursor:pointer;\"><span lang=EN-US style=\"margin:0px;color:rgb(0, 0, 255);text-decoration:underline;font-family:Calibri, Calibri_EmbeddedFont, Calibri_MSFontService, sans-serif;\"><span style=\"margin:0px;\">Use Azure Pipelines - Azure Pipelines | Microsoft Docs</span></span></a><span lang=EN-US style=\"margin:0px;font-family:Calibri, Calibri_EmbeddedFont, Calibri_MSFontService, sans-serif;\"></span><span style=\"margin:0px;font-family:Calibri, Calibri_EmbeddedFont, Calibri_MSFontService, sans-serif;\">&nbsp;</span></p></li><li style=\"cursor:text;clear:both;font-size:11pt;font-family:Calibri, Calibri_MSFontService, sans-serif;\"><p style=\"margin:0px;font-weight:normal;color:windowtext;text-align:left;\"><span lang=EN-US style=\"margin:0px;font-family:Calibri, Calibri_EmbeddedFont, Calibri_MSFontService, sans-serif;\"><span style=\"margin:0px;\">Task Index:<span>&nbsp;</span></span></span><a href=\"https://docs.microsoft.com/en-us/azure/devops/pipelines/tasks/?view=azure-devops\" target=_blank rel=\"noreferrer noopener\" style=\"margin:0px;cursor:pointer;\"><span lang=EN-US style=\"margin:0px;color:rgb(0, 0, 255);text-decoration:underline;font-family:Calibri, Calibri_EmbeddedFont, Calibri_MSFontService, sans-serif;\"><span style=\"margin:0px;\">Catalog of the built-in tasks for build-release and Azure Pipelines &amp; TFS - Azure Pipelines | Microsoft Docs</span></span></a><span lang=EN-US style=\"margin:0px;font-family:Calibri, Calibri_EmbeddedFont, Calibri_MSFontService, sans-serif;\"></span><span style=\"margin:0px;font-family:Calibri, Calibri_EmbeddedFont, Calibri_MSFontService, sans-serif;\">&nbsp;</span></p></li></ul><li style=\"cursor:text;clear:both;font-size:11pt;font-family:Calibri, Calibri_MSFontService, sans-serif;\"><p style=\"margin:0px;font-weight:normal;color:windowtext;text-align:left;\"><span lang=EN-US style=\"margin:0px;font-family:Calibri, Calibri_EmbeddedFont, Calibri_MSFontService, sans-serif;\"><span style=\"margin:0px;\">Azure DevOps Repos<span>&nbsp;</span></span><span style=\"margin:0px;\">is a version control tool that<span>&nbsp;</span></span><span style=\"margin:0px;\">can be utilized to store</span><span style=\"margin:0px;\"><span>&nbsp;</span>files. In the context of migrations, it can be used to store<span>&nbsp;</span></span><span style=\"margin:0px;\">YAML files such as the<span>&nbsp;</span></span><span style=\"margin:0px;\">variables.yml</span><span style=\"margin:0px;\"><span>&nbsp;</span>and<span>&nbsp;</span></span><span style=\"margin:0px;\">pipeline.yml</span><span style=\"margin:0px;\"><span>&nbsp;</span>for the automated workflow and accompanying test scripts<span>&nbsp;</span></span><span style=\"margin:0px;\">for executing the deployment of servers.</span></span><span style=\"margin:0px;font-family:Calibri, Calibri_EmbeddedFont, Calibri_MSFontService, sans-serif;\">&nbsp;</span></p></li><ul><li style=\"cursor:text;clear:both;font-size:11pt;font-family:Calibri, Calibri_MSFontService, sans-serif;\"><p style=\"margin:0px;font-weight:normal;color:windowtext;text-align:left;\"><span lang=EN-US style=\"margin:0px;font-family:Calibri, Calibri_EmbeddedFont, Calibri_MSFontService, sans-serif;\"><span style=\"margin:0px;\">Getting Started:<span>&nbsp;</span></span></span><a href=\"https://docs.microsoft.com/en-us/azure/devops/repos/get-started/?view=azure-devops\" target=_blank rel=\"noreferrer noopener\" style=\"margin:0px;cursor:pointer;\"><span lang=EN-US style=\"margin:0px;color:rgb(0, 0, 255);text-decoration:underline;font-family:Calibri, Calibri_EmbeddedFont, Calibri_MSFontService, sans-serif;\"><span style=\"margin:0px;\">Guide for getting started with Azure Repos - Azure Repos | Microsoft Docs</span></span></a><span lang=EN-US style=\"margin:0px;font-family:Calibri, Calibri_EmbeddedFont, Calibri_MSFontService, sans-serif;\"></span><span style=\"margin:0px;font-family:Calibri, Calibri_EmbeddedFont, Calibri_MSFontService, sans-serif;\">&nbsp;</span></p></li></ul><li style=\"cursor:text;clear:both;font-size:11pt;font-family:Calibri, Calibri_MSFontService, sans-serif;\"><p style=\"margin:0px;font-weight:normal;color:windowtext;text-align:left;\"><span lang=EN-US style=\"margin:0px;font-family:Calibri, Calibri_EmbeddedFont, Calibri_MSFontService, sans-serif;\"><span style=\"margin:0px;\">Requirements</span><span style=\"margin:0px;\"><span>&nbsp;</span>for Migration</span></span><span style=\"margin:0px;font-family:Calibri, Calibri_EmbeddedFont, Calibri_MSFontService, sans-serif;\">&nbsp;</span></p></li><ul><li style=\"cursor:text;clear:both;font-size:11pt;font-family:Calibri, Calibri_MSFontService, sans-serif;\"><p style=\"margin:0px;font-weight:normal;color:windowtext;text-align:left;\"><span lang=EN-US style=\"margin:0px;font-family:Calibri, Calibri_EmbeddedFont, Calibri_MSFontService, sans-serif;\"><span style=\"margin:0px;\">Azure DevOps Project</span></span><span style=\"margin:0px;font-family:Calibri, Calibri_EmbeddedFont, Calibri_MSFontService, sans-serif;\">&nbsp;</span></p></li><ul><li style=\"cursor:text;clear:both;font-size:11pt;font-family:Calibri, Calibri_MSFontService, sans-serif;\"><p style=\"margin:0px;font-weight:normal;color:windowtext;text-align:left;\"><span lang=EN-US style=\"margin:0px;font-family:Calibri, Calibri_EmbeddedFont, Calibri_MSFontService, sans-serif;\"><span style=\"margin:0px;\">Permissions for utilizing Pipelines and Repos</span></span><span style=\"margin:0px;font-family:Calibri, Calibri_EmbeddedFont, Calibri_MSFontService, sans-serif;\">&nbsp;</span></p></li><li style=\"cursor:text;clear:both;font-size:11pt;font-family:Calibri, Calibri_MSFontService, sans-serif;\"><p style=\"margin:0px;font-weight:normal;color:windowtext;text-align:left;\"><span lang=EN-US style=\"margin:0px;font-family:Calibri, Calibri_EmbeddedFont, Calibri_MSFontService, sans-serif;\"><span style=\"margin:0px;\">Personal Access Token</span></span><span style=\"margin:0px;font-family:Calibri, Calibri_EmbeddedFont, Calibri_MSFontService, sans-serif;\">&nbsp;</span></p></li></ul><li style=\"cursor:text;clear:both;font-size:11pt;font-family:Calibri, Calibri_MSFontService, sans-serif;\"><p style=\"margin:0px;font-weight:normal;color:windowtext;text-align:left;\"><span lang=EN-US style=\"margin:0px;font-family:Calibri, Calibri_EmbeddedFont, Calibri_MSFontService, sans-serif;\"><span style=\"margin:0px;\">Service Principal connected to Azure AD in your tenant (used to create a service connection in Azure DevOps)</span></span><span style=\"margin:0px;font-family:Calibri, Calibri_EmbeddedFont, Calibri_MSFontService, sans-serif;\">&nbsp;</span></p></li><li style=\"cursor:text;clear:both;font-size:11pt;font-family:Calibri, Calibri_MSFontService, sans-serif;\"><p style=\"margin:0px;font-weight:normal;color:windowtext;text-align:left;\"><span lang=EN-US style=\"margin:0px;font-family:Calibri, Calibri_EmbeddedFont, Calibri_MSFontService, sans-serif;\"><span style=\"margin:0px;\">Powershell</span><span style=\"margin:0px;\"><span>&nbsp;</span>Module (`Az`) installed</span></span><span style=\"margin:0px;font-family:Calibri, Calibri_EmbeddedFont, Calibri_MSFontService, sans-serif;\">&nbsp;</span></p></li><ul><li style=\"cursor:text;clear:both;font-size:11pt;font-family:Calibri, Calibri_MSFontService, sans-serif;\"><p style=\"margin:0px;font-weight:normal;color:windowtext;text-align:left;\"><span lang=EN-US style=\"margin:0px;font-family:Calibri, Calibri_EmbeddedFont, Calibri_MSFontService, sans-serif;\"><span style=\"margin:0px;\">Using the<span>&nbsp;</span></span><span style=\"margin:0px;\">Powershell</span><span style=\"margin:0px;\"><span>&nbsp;</span>task</span><span style=\"margin:0px;\">:<span>&nbsp;</span></span></span><a href=\"https://docs.microsoft.com/en-us/azure/devops/pipelines/tasks/utility/powershell?view=azure-devops\" target=_blank rel=\"noreferrer noopener\" style=\"margin:0px;cursor:pointer;\"><span lang=EN-US style=\"margin:0px;color:rgb(0, 0, 255);text-decoration:underline;font-family:Calibri, Calibri_EmbeddedFont, Calibri_MSFontService, sans-serif;\"><span style=\"margin:0px;\">https://docs.microsoft.com/en-us/azure/devops/pipelines/tasks/utility/powershell?view=azure-devops</span></span></a><span lang=EN-US style=\"margin:0px;font-family:Calibri, Calibri_EmbeddedFont, Calibri_MSFontService, sans-serif;\"></span><span style=\"margin:0px;font-family:Calibri, Calibri_EmbeddedFont, Calibri_MSFontService, sans-serif;\">&nbsp;</span></p></li><ul><li style=\"cursor:text;clear:both;font-size:11pt;font-family:Calibri, Calibri_MSFontService, sans-serif;\"><p style=\"margin:0px;font-weight:normal;color:windowtext;text-align:left;\"><span lang=EN-US style=\"margin:0px;font-family:Calibri, Calibri_EmbeddedFont, Calibri_MSFontService, sans-serif;\"><span style=\"margin:0px;\">This task<span>&nbsp;</span></span><span style=\"margin:0px;\">run</span><span style=\"margin:0px;\">s</span><span style=\"margin:0px;\"><span>&nbsp;</span>the scripts in order of execution with the appropriate variables.</span></span><span style=\"margin:0px;font-family:Calibri, Calibri_EmbeddedFont, Calibri_MSFontService, sans-serif;\">&nbsp;</span></p></li></ul></ul></ul></ul><br></div>",
        "System.AssignedTo": null,
        "Microsoft.VSTS.Scheduling.RemainingWork": 0.0,
        "Microsoft.VSTS.Common.Priority": 2.0,
        "System.BoardLane": null,
        "System.Tags": null,
        "Microsoft.VSTS.TCM.Steps": null,
        "Microsoft.VSTS.TCM.Parameters": null,
        "Microsoft.VSTS.TCM.LocalDataSource": null,
        "Microsoft.VSTS.TCM.AutomationStatus": null,
        "System.History": null
      },
      "relations": [
        {
          "rel": "System.LinkTypes.Hierarchy-Reverse",
          "url": "https://dev.azure.com/ricmart/_apis/wit/workItems/6006",
          "attributes": {
            "isLocked": "false",
            "name": "Parent"
          }
        }
      ],
      "url": "https://dev.azure.com/ricmart/_apis/wit/workItems/6020"
    },
    {
      "id": 6021,
      "rev": 4,
      "fields": {
        "System.AreaPath": "Migration Focus Group - IAC",
        "System.TeamProject": "Migration Focus Group - IAC",
        "System.IterationPath": "$ProjectName$\\Redeployment - Rehosting of Migration Waves",
        "System.WorkItemType": "Activity",
        "System.State": "New",
        "System.Reason": "New",
        "System.CreatedDate": "2021-09-16T21:55:08.383Z",
        "System.CreatedBy": "Ricardo Martins <ricmart@microsoft.com>",
        "System.ChangedDate": "2021-09-17T15:14:33.88Z",
        "System.ChangedBy": "Ricardo Martins <ricmart@microsoft.com>",
        "System.Title": "1.2.4 - 3rd Party Orchestration Engines",
        "Microsoft.VSTS.Scheduling.Effort": 0.0,
        "System.Description": "<div><div style=\"margin:0px;font-family:&quot;Segoe UI&quot;, &quot;Segoe UI Web&quot;, Arial, Verdana, sans-serif;font-size:12px;\"><div style=\"margin:0px;cursor:text;clear:both;\"><p style=\"margin:0px;font-weight:normal;color:windowtext;text-align:left;\"><span lang=EN-US style=\"margin:0px;font-size:11pt;font-family:Calibri, Calibri_EmbeddedFont, Calibri_MSFontService, sans-serif;\"><span style=\"margin:0px;\">The rehost/redeployment of migrated servers can also be executed with automation using the following<span>&nbsp;</span></span><span style=\"margin:0px;\">options<span>&nbsp;</span></span><span style=\"margin:0px;\">below:</span></span><span style=\"margin:0px;font-size:11pt;font-family:Calibri, Calibri_EmbeddedFont, Calibri_MSFontService, sans-serif;\">&nbsp;</span></p></div></div><ul><li style=\"cursor:text;clear:both;font-size:11pt;font-family:Calibri, Calibri_MSFontService, sans-serif;\"><p style=\"margin:0px;font-weight:normal;color:windowtext;text-align:left;\"><span lang=EN-US style=\"margin:0px;font-family:Calibri, Calibri_EmbeddedFont, Calibri_MSFontService, sans-serif;\"><span style=\"margin:0px;\">GitHub Actions</span></span><span style=\"margin:0px;font-family:Calibri, Calibri_EmbeddedFont, Calibri_MSFontService, sans-serif;\">&nbsp;</span></p></li><ul><li style=\"cursor:text;clear:both;font-size:11pt;font-family:Calibri, Calibri_MSFontService, sans-serif;\"><p style=\"margin:0px;font-weight:normal;color:windowtext;text-align:left;\"><span lang=EN-US style=\"margin:0px;font-family:Calibri, Calibri_EmbeddedFont, Calibri_MSFontService, sans-serif;\"><span style=\"margin:0px;\">GitHub</span><span style=\"margin:0px;\"><span>&nbsp;</span>Actions can be used as a CI/CD pipeline<span>&nbsp;</span></span><span style=\"margin:0px;\">to automate the migration of VMs.</span><span style=\"margin:0px;\"><span>&nbsp;</span>Code from GitHub can be utilized for these deployments.</span></span><span style=\"margin:0px;font-family:Calibri, Calibri_EmbeddedFont, Calibri_MSFontService, sans-serif;\">&nbsp;</span></p></li><li style=\"cursor:text;clear:both;font-size:11pt;font-family:Calibri, Calibri_MSFontService, sans-serif;\"><p style=\"margin:0px;font-weight:normal;color:windowtext;text-align:left;\"><span lang=EN-US style=\"margin:0px;font-family:Calibri, Calibri_EmbeddedFont, Calibri_MSFontService, sans-serif;\"><span style=\"margin:0px;\">Documentation:<span>&nbsp;</span></span></span><a href=\"https://docs.github.com/en/actions\" target=_blank rel=\"noreferrer noopener\" style=\"margin:0px;cursor:pointer;\"><span lang=EN-US style=\"margin:0px;color:rgb(0, 0, 255);text-decoration:underline;font-family:Calibri, Calibri_EmbeddedFont, Calibri_MSFontService, sans-serif;\"><span style=\"margin:0px;\">GitHub Actions Documentation - GitHub Docs</span></span></a><span lang=EN-US style=\"margin:0px;font-family:Calibri, Calibri_EmbeddedFont, Calibri_MSFontService, sans-serif;\"></span><span style=\"margin:0px;font-family:Calibri, Calibri_EmbeddedFont, Calibri_MSFontService, sans-serif;\">&nbsp;</span></p></li></ul><li style=\"cursor:text;clear:both;font-size:11pt;font-family:Calibri, Calibri_MSFontService, sans-serif;\"><p style=\"margin:0px;font-weight:normal;color:windowtext;text-align:left;\"><span lang=EN-US style=\"margin:0px;font-family:Calibri, Calibri_EmbeddedFont, Calibri_MSFontService, sans-serif;\"><span style=\"margin:0px;\">Jenkins</span><span style=\"margin:0px;\"><span>&nbsp;</span>with Ansible</span></span><span style=\"margin:0px;font-family:Calibri, Calibri_EmbeddedFont, Calibri_MSFontService, sans-serif;\">&nbsp;</span></p></li><ul><li style=\"cursor:text;clear:both;font-size:11pt;font-family:Calibri, Calibri_MSFontService, sans-serif;\"><p style=\"margin:0px;font-weight:normal;color:windowtext;text-align:left;\"><span lang=EN-US style=\"margin:0px;font-family:Calibri, Calibri_EmbeddedFont, Calibri_MSFontService, sans-serif;\"><span style=\"margin:0px;\">Jenkins can be utilized to orchestrate the flow of migration waves and VMs that are being provisioned with Ansible Infrastructure as Code templates.</span></span><span style=\"margin:0px;font-family:Calibri, Calibri_EmbeddedFont, Calibri_MSFontService, sans-serif;\">&nbsp;</span></p></li><li style=\"cursor:text;clear:both;font-size:11pt;font-family:Calibri, Calibri_MSFontService, sans-serif;\"><p style=\"margin:0px;font-weight:normal;color:windowtext;text-align:left;\"><span lang=EN-US style=\"margin:0px;font-family:Calibri, Calibri_EmbeddedFont, Calibri_MSFontService, sans-serif;\"><span style=\"margin:0px;\">Documentation:<span>&nbsp;</span></span></span><a href=\"https://www.jenkins.io/doc/\" target=_blank rel=\"noreferrer noopener\" style=\"margin:0px;cursor:pointer;\"><span lang=EN-US style=\"margin:0px;color:rgb(0, 0, 255);text-decoration:underline;font-family:Calibri, Calibri_EmbeddedFont, Calibri_MSFontService, sans-serif;\"><span style=\"margin:0px;\">Jenkins User Documentation</span></span></a><span lang=EN-US style=\"margin:0px;font-family:Calibri, Calibri_EmbeddedFont, Calibri_MSFontService, sans-serif;\"></span><span style=\"margin:0px;font-family:Calibri, Calibri_EmbeddedFont, Calibri_MSFontService, sans-serif;\">&nbsp;</span></p></li><li style=\"cursor:text;clear:both;font-size:11pt;font-family:Calibri, Calibri_MSFontService, sans-serif;\"><p style=\"margin:0px;font-weight:normal;color:windowtext;text-align:left;\"><span lang=EN-US style=\"margin:0px;font-family:Calibri, Calibri_EmbeddedFont, Calibri_MSFontService, sans-serif;\"></span><a href=\"https://docs.ansible.com/ansible/latest/index.html\" target=_blank rel=\"noreferrer noopener\" style=\"margin:0px;cursor:pointer;\"><span lang=EN-US style=\"margin:0px;color:rgb(0, 0, 255);text-decoration:underline;font-family:Calibri, Calibri_EmbeddedFont, Calibri_MSFontService, sans-serif;\"><span style=\"margin:0px;\">Ansible Documentation — Ansible Documentation</span></span></a><span lang=EN-US style=\"margin:0px;font-family:Calibri, Calibri_EmbeddedFont, Calibri_MSFontService, sans-serif;\"></span><span style=\"margin:0px;font-family:Calibri, Calibri_EmbeddedFont, Calibri_MSFontService, sans-serif;\">&nbsp;</span></p></li></ul></ul><br></div>",
        "System.AssignedTo": null,
        "Microsoft.VSTS.Scheduling.RemainingWork": 0.0,
        "Microsoft.VSTS.Common.Priority": 2.0,
        "System.BoardLane": null,
        "System.Tags": null,
        "Microsoft.VSTS.TCM.Steps": null,
        "Microsoft.VSTS.TCM.Parameters": null,
        "Microsoft.VSTS.TCM.LocalDataSource": null,
        "Microsoft.VSTS.TCM.AutomationStatus": null,
        "System.History": null
      },
      "relations": [
        {
          "rel": "System.LinkTypes.Hierarchy-Reverse",
          "url": "https://dev.azure.com/ricmart/_apis/wit/workItems/6006",
          "attributes": {
            "isLocked": "false",
            "name": "Parent"
          }
        }
      ],
      "url": "https://dev.azure.com/ricmart/_apis/wit/workItems/6021"
    },
    {
      "id": 6022,
      "rev": 4,
      "fields": {
        "System.AreaPath": "Migration Focus Group - IAC",
        "System.TeamProject": "Migration Focus Group - IAC",
        "System.IterationPath": "$ProjectName$\\Redeployment - Rehosting of Migration Waves",
        "System.WorkItemType": "Activity",
        "System.State": "New",
        "System.Reason": "New",
        "System.CreatedDate": "2021-09-16T21:55:30.34Z",
        "System.CreatedBy": "Ricardo Martins <ricmart@microsoft.com>",
        "System.ChangedDate": "2021-09-17T15:15:14.64Z",
        "System.ChangedBy": "Ricardo Martins <ricmart@microsoft.com>",
        "System.Title": "1.3.1 - Set up variables needed for the CI/CD pipeline in a variables.yml file based on the environment",
        "Microsoft.VSTS.Scheduling.Effort": 0.0,
        "System.Description": null,
        "System.AssignedTo": null,
        "Microsoft.VSTS.Scheduling.RemainingWork": 0.0,
        "Microsoft.VSTS.Common.Priority": 2.0,
        "System.BoardLane": null,
        "System.Tags": null,
        "Microsoft.VSTS.TCM.Steps": null,
        "Microsoft.VSTS.TCM.Parameters": null,
        "Microsoft.VSTS.TCM.LocalDataSource": null,
        "Microsoft.VSTS.TCM.AutomationStatus": null,
        "System.History": null
      },
      "relations": [
        {
          "rel": "System.LinkTypes.Hierarchy-Reverse",
          "url": "https://dev.azure.com/ricmart/_apis/wit/workItems/6008",
          "attributes": {
            "isLocked": "false",
            "name": "Parent"
          }
        }
      ],
      "url": "https://dev.azure.com/ricmart/_apis/wit/workItems/6022"
    },
    {
      "id": 6023,
      "rev": 4,
      "fields": {
        "System.AreaPath": "Migration Focus Group - IAC",
        "System.TeamProject": "Migration Focus Group - IAC",
        "System.IterationPath": "$ProjectName$\\Redeployment - Rehosting of Migration Waves",
        "System.WorkItemType": "Activity",
        "System.State": "New",
        "System.Reason": "New",
        "System.CreatedDate": "2021-09-16T21:55:51.56Z",
        "System.CreatedBy": "Ricardo Martins <ricmart@microsoft.com>",
        "System.ChangedDate": "2021-09-17T15:15:17.737Z",
        "System.ChangedBy": "Ricardo Martins <ricmart@microsoft.com>",
        "System.Title": "1.3.2 - Example Pipeline Stages for Redeployment/Rehosting of Migration Waves",
        "Microsoft.VSTS.Scheduling.Effort": 0.0,
        "System.Description": "<div><ul><ul><li style=\"cursor:text;clear:both;font-size:11pt;font-family:Calibri, Calibri_MSFontService, sans-serif;\"><p style=\"margin:0px;font-weight:normal;color:windowtext;text-align:left;\"><span lang=EN-US style=\"margin:0px;font-family:Calibri, Calibri_EmbeddedFont, Calibri_MSFontService, sans-serif;\"><span style=\"margin:0px;\">Initialize Redeployment of Servers</span></span><span style=\"margin:0px;font-family:Calibri, Calibri_EmbeddedFont, Calibri_MSFontService, sans-serif;\">&nbsp;</span></p></li><ul><li style=\"cursor:text;clear:both;font-size:11pt;font-family:Calibri, Calibri_MSFontService, sans-serif;\"><p style=\"margin:0px;font-weight:normal;color:windowtext;text-align:left;\"><span lang=EN-US style=\"margin:0px;font-family:Calibri, Calibri_EmbeddedFont, Calibri_MSFontService, sans-serif;\"><span style=\"margin:0px;\">Validate the Migration Pre-requisites</span></span><span style=\"margin:0px;font-family:Calibri, Calibri_EmbeddedFont, Calibri_MSFontService, sans-serif;\">&nbsp;</span></p></li><li style=\"cursor:text;clear:both;font-size:11pt;font-family:Calibri, Calibri_MSFontService, sans-serif;\"><p style=\"margin:0px;font-weight:normal;color:windowtext;text-align:left;\"><span lang=EN-US style=\"margin:0px;font-family:Calibri, Calibri_EmbeddedFont, Calibri_MSFontService, sans-serif;\"><span style=\"margin:0px;\">Initialize the Redeployment utilizing input parameters (CSV,<span>&nbsp;</span></span><span style=\"margin:0px;\">variables.yml</span><span style=\"margin:0px;\">)</span></span><span style=\"margin:0px;font-family:Calibri, Calibri_EmbeddedFont, Calibri_MSFontService, sans-serif;\">&nbsp;</span></p></li></ul><li style=\"cursor:text;clear:both;font-size:11pt;font-family:Calibri, Calibri_MSFontService, sans-serif;\"><p style=\"margin:0px;font-weight:normal;color:windowtext;text-align:left;\"><span lang=EN-US style=\"margin:0px;font-family:Calibri, Calibri_EmbeddedFont, Calibri_MSFontService, sans-serif;\"><span style=\"margin:0px;\">Dry Run</span></span><span style=\"margin:0px;font-family:Calibri, Calibri_EmbeddedFont, Calibri_MSFontService, sans-serif;\">&nbsp;</span></p></li><ul><li style=\"cursor:text;clear:both;font-size:11pt;font-family:Calibri, Calibri_MSFontService, sans-serif;\"><p style=\"margin:0px;font-weight:normal;color:windowtext;text-align:left;\"><span lang=EN-US style=\"margin:0px;font-family:Calibri, Calibri_EmbeddedFont, Calibri_MSFontService, sans-serif;\"><span style=\"margin:0px;\">Ensure that all the appropriate constructs are<span>&nbsp;</span></span><span style=\"margin:0px;\">in the environment</span></span><span style=\"margin:0px;font-family:Calibri, Calibri_EmbeddedFont, Calibri_MSFontService, sans-serif;\">&nbsp;</span></p></li></ul><li style=\"cursor:text;clear:both;font-size:11pt;font-family:Calibri, Calibri_MSFontService, sans-serif;\"><p style=\"margin:0px;font-weight:normal;color:windowtext;text-align:left;\"><span lang=EN-US style=\"margin:0px;font-family:Calibri, Calibri_EmbeddedFont, Calibri_MSFontService, sans-serif;\"><span style=\"margin:0px;\">Start<span>&nbsp;</span></span><span style=\"margin:0px;\">D</span><span style=\"margin:0px;\">eployment of Servers</span></span><span style=\"margin:0px;font-family:Calibri, Calibri_EmbeddedFont, Calibri_MSFontService, sans-serif;\">&nbsp;</span></p></li><li style=\"cursor:text;clear:both;font-size:11pt;font-family:Calibri, Calibri_MSFontService, sans-serif;\"><p style=\"margin:0px;font-weight:normal;color:windowtext;text-align:left;\"><span lang=EN-US style=\"margin:0px;font-family:Calibri, Calibri_EmbeddedFont, Calibri_MSFontService, sans-serif;\"><span style=\"margin:0px;\">Validation of Environment&nbsp;</span></span><span style=\"margin:0px;font-family:Calibri, Calibri_EmbeddedFont, Calibri_MSFontService, sans-serif;\">&nbsp;</span></p></li></ul></ul><br></div>",
        "System.AssignedTo": null,
        "Microsoft.VSTS.Scheduling.RemainingWork": 0.0,
        "Microsoft.VSTS.Common.Priority": 2.0,
        "System.BoardLane": null,
        "System.Tags": null,
        "Microsoft.VSTS.TCM.Steps": null,
        "Microsoft.VSTS.TCM.Parameters": null,
        "Microsoft.VSTS.TCM.LocalDataSource": null,
        "Microsoft.VSTS.TCM.AutomationStatus": null,
        "System.History": null
      },
      "relations": [
        {
          "rel": "System.LinkTypes.Hierarchy-Reverse",
          "url": "https://dev.azure.com/ricmart/_apis/wit/workItems/6008",
          "attributes": {
            "isLocked": "false",
            "name": "Parent"
          }
        }
      ],
      "url": "https://dev.azure.com/ricmart/_apis/wit/workItems/6023"
    },
    {
      "id": 6024,
      "rev": 6,
      "fields": {
        "System.AreaPath": "Migration Focus Group - IAC",
        "System.TeamProject": "Migration Focus Group - IAC",
        "System.IterationPath": "$ProjectName$\\Testing",
        "System.WorkItemType": "Activity",
        "System.State": "New",
        "System.Reason": "New",
        "System.CreatedDate": "2021-09-16T21:56:28.03Z",
        "System.CreatedBy": "Ricardo Martins <ricmart@microsoft.com>",
        "System.ChangedDate": "2021-09-17T15:17:24.15Z",
        "System.ChangedBy": "Ricardo Martins <ricmart@microsoft.com>",
        "System.Title": "2.1.1 - Outline parameters that simulate a smaller scale version of your environment ",
        "Microsoft.VSTS.Scheduling.Effort": 0.0,
        "System.Description": "",
        "System.AssignedTo": null,
        "Microsoft.VSTS.Scheduling.RemainingWork": 0.0,
        "Microsoft.VSTS.Common.Priority": 2.0,
        "System.BoardLane": null,
        "System.Tags": null,
        "Microsoft.VSTS.TCM.Steps": null,
        "Microsoft.VSTS.TCM.Parameters": null,
        "Microsoft.VSTS.TCM.LocalDataSource": null,
        "Microsoft.VSTS.TCM.AutomationStatus": null,
        "System.History": null
      },
      "relations": [
        {
          "rel": "System.LinkTypes.Hierarchy-Reverse",
          "url": "https://dev.azure.com/ricmart/_apis/wit/workItems/6009",
          "attributes": {
            "isLocked": "false",
            "name": "Parent"
          }
        }
      ],
      "url": "https://dev.azure.com/ricmart/_apis/wit/workItems/6024"
    },
    {
      "id": 6025,
      "rev": 5,
      "fields": {
        "System.AreaPath": "Migration Focus Group - IAC",
        "System.TeamProject": "Migration Focus Group - IAC",
        "System.IterationPath": "$ProjectName$\\Testing",
        "System.WorkItemType": "Activity",
        "System.State": "New",
        "System.Reason": "New",
        "System.CreatedDate": "2021-09-16T21:57:56.63Z",
        "System.CreatedBy": "Ricardo Martins <ricmart@microsoft.com>",
        "System.ChangedDate": "2021-09-17T15:17:22.107Z",
        "System.ChangedBy": "Ricardo Martins <ricmart@microsoft.com>",
        "System.Title": "2.1.2 - Setup Bicep Scripts to be utilized with smaller testing environment",
        "Microsoft.VSTS.Scheduling.Effort": 0.0,
        "System.Description": "<ul><ul><li style=\"cursor:text;clear:both;font-size:11pt;font-family:Calibri, Calibri_MSFontService, sans-serif;\"><p style=\"margin:0px;font-weight:normal;color:windowtext;\"><span lang=EN-US style=\"margin:0px;font-family:Calibri, Calibri_EmbeddedFont, Calibri_MSFontService, sans-serif;\"><span style=\"margin:0px;\">Set up an isolated<span>&nbsp;</span></span><span style=\"margin:0px;\">VNet</span><span style=\"margin:0px;\"><span>&nbsp;</span>and test if there is the correct connectivity</span></span><span style=\"margin:0px;font-family:Calibri, Calibri_EmbeddedFont, Calibri_MSFontService, sans-serif;\">&nbsp;</span></p></li></ul></ul><span style=\"margin:0px;font-size:11pt;text-align:left;font-family:Calibri, Calibri_EmbeddedFont, Calibri_MSFontService, sans-serif;\"></span><br>",
        "System.AssignedTo": null,
        "Microsoft.VSTS.Scheduling.RemainingWork": 0.0,
        "Microsoft.VSTS.Common.Priority": 2.0,
        "System.BoardLane": null,
        "System.Tags": null,
        "Microsoft.VSTS.TCM.Steps": null,
        "Microsoft.VSTS.TCM.Parameters": null,
        "Microsoft.VSTS.TCM.LocalDataSource": null,
        "Microsoft.VSTS.TCM.AutomationStatus": null,
        "System.History": null
      },
      "relations": [
        {
          "rel": "System.LinkTypes.Hierarchy-Reverse",
          "url": "https://dev.azure.com/ricmart/_apis/wit/workItems/6009",
          "attributes": {
            "isLocked": "false",
            "name": "Parent"
          }
        }
      ],
      "url": "https://dev.azure.com/ricmart/_apis/wit/workItems/6025"
    },
    {
      "id": 6026,
      "rev": 6,
      "fields": {
        "System.AreaPath": "Migration Focus Group - IAC",
        "System.TeamProject": "Migration Focus Group - IAC",
        "System.IterationPath": "$ProjectName$\\Testing",
        "System.WorkItemType": "Activity",
        "System.State": "New",
        "System.Reason": "New",
        "System.CreatedDate": "2021-09-16T21:58:15.463Z",
        "System.CreatedBy": "Ricardo Martins <ricmart@microsoft.com>",
        "System.ChangedDate": "2021-09-17T15:20:37.193Z",
        "System.ChangedBy": "Ricardo Martins <ricmart@microsoft.com>",
        "System.Title": "2.1.3 - Use appropriate Powershell Scripts that correlate to the types of tests needed for your deployment",
        "Microsoft.VSTS.Scheduling.Effort": 0.0,
        "System.Description": "<ul><ul><li style=\"cursor:text;clear:both;font-size:11pt;font-family:Calibri, Calibri_MSFontService, sans-serif;\"><p style=\"margin:0px;font-weight:normal;color:windowtext;text-align:left;\"><span lang=EN-US style=\"margin:0px;font-family:Calibri, Calibri_EmbeddedFont, Calibri_MSFontService, sans-serif;\"><span style=\"margin:0px;\">Smoke Test</span></span><span style=\"margin:0px;font-family:Calibri, Calibri_EmbeddedFont, Calibri_MSFontService, sans-serif;\">&nbsp;</span></p></li><li style=\"cursor:text;clear:both;font-size:11pt;font-family:Calibri, Calibri_MSFontService, sans-serif;\"><p style=\"margin:0px;font-weight:normal;color:windowtext;text-align:left;\"><span lang=EN-US style=\"margin:0px;font-family:Calibri, Calibri_EmbeddedFont, Calibri_MSFontService, sans-serif;\"><span style=\"margin:0px;\">UAT</span></span><span style=\"margin:0px;font-family:Calibri, Calibri_EmbeddedFont, Calibri_MSFontService, sans-serif;\">&nbsp;</span></p></li><li style=\"cursor:text;clear:both;font-size:11pt;font-family:Calibri, Calibri_MSFontService, sans-serif;\"><p style=\"margin:0px;font-weight:normal;color:windowtext;text-align:left;\"><span lang=EN-US style=\"margin:0px;font-family:Calibri, Calibri_EmbeddedFont, Calibri_MSFontService, sans-serif;\"><span style=\"margin:0px;\">Failover&nbsp;</span></span><span style=\"margin:0px;font-family:Calibri, Calibri_EmbeddedFont, Calibri_MSFontService, sans-serif;\">&nbsp;</span></p></li></ul></ul><br>",
        "System.AssignedTo": null,
        "Microsoft.VSTS.Scheduling.RemainingWork": 0.0,
        "Microsoft.VSTS.Common.Priority": 2.0,
        "System.BoardLane": null,
        "System.Tags": null,
        "Microsoft.VSTS.TCM.Steps": null,
        "Microsoft.VSTS.TCM.Parameters": null,
        "Microsoft.VSTS.TCM.LocalDataSource": null,
        "Microsoft.VSTS.TCM.AutomationStatus": null,
        "System.History": null
      },
      "relations": [
        {
          "rel": "System.LinkTypes.Hierarchy-Reverse",
          "url": "https://dev.azure.com/ricmart/_apis/wit/workItems/6009",
          "attributes": {
            "isLocked": "false",
            "name": "Parent"
          }
        }
      ],
      "url": "https://dev.azure.com/ricmart/_apis/wit/workItems/6026"
    },
    {
      "id": 6027,
      "rev": 4,
      "fields": {
        "System.AreaPath": "Migration Focus Group - IAC",
        "System.TeamProject": "Migration Focus Group - IAC",
        "System.IterationPath": "$ProjectName$\\Redeployment - Rehosting of Migration Waves",
        "System.WorkItemType": "Activity",
        "System.State": "New",
        "System.Reason": "New",
        "System.CreatedDate": "2021-09-16T21:58:45.527Z",
        "System.CreatedBy": "Ricardo Martins <ricmart@microsoft.com>",
        "System.ChangedDate": "2021-09-17T15:17:35.55Z",
        "System.ChangedBy": "Ricardo Martins <ricmart@microsoft.com>",
        "System.Title": "2.2.1 - Example Pipeline Stages for Test Migration",
        "Microsoft.VSTS.Scheduling.Effort": 0.0,
        "System.Description": "<div><ul><ul><li style=\"cursor:text;clear:both;font-size:11pt;font-family:Calibri, Calibri_MSFontService, sans-serif;\"><p style=\"margin:0px;font-weight:normal;color:windowtext;text-align:left;\"><span lang=EN-US style=\"margin:0px;font-family:Calibri, Calibri_EmbeddedFont, Calibri_MSFontService, sans-serif;\"><span style=\"margin:0px;\">Initialize Test Migration</span></span><span style=\"margin:0px;font-family:Calibri, Calibri_EmbeddedFont, Calibri_MSFontService, sans-serif;\">&nbsp;</span></p></li><ul><li style=\"cursor:text;clear:both;font-size:11pt;font-family:Calibri, Calibri_MSFontService, sans-serif;\"><p style=\"margin:0px;font-weight:normal;color:windowtext;text-align:left;\"><span lang=EN-US style=\"margin:0px;font-family:Calibri, Calibri_EmbeddedFont, Calibri_MSFontService, sans-serif;\"><span style=\"margin:0px;\">Outline input parameters</span></span><span style=\"margin:0px;font-family:Calibri, Calibri_EmbeddedFont, Calibri_MSFontService, sans-serif;\">&nbsp;</span></p></li><li style=\"cursor:text;clear:both;font-size:11pt;font-family:Calibri, Calibri_MSFontService, sans-serif;\"><p style=\"margin:0px;font-weight:normal;color:windowtext;text-align:left;\"><span lang=EN-US style=\"margin:0px;font-family:Calibri, Calibri_EmbeddedFont, Calibri_MSFontService, sans-serif;\"><span style=\"margin:0px;\">Run initial script with Bicep template</span></span><span style=\"margin:0px;font-family:Calibri, Calibri_EmbeddedFont, Calibri_MSFontService, sans-serif;\">&nbsp;</span></p></li></ul><li style=\"cursor:text;clear:both;font-size:11pt;font-family:Calibri, Calibri_MSFontService, sans-serif;\"><p style=\"margin:0px;font-weight:normal;color:windowtext;text-align:left;\"><span lang=EN-US style=\"margin:0px;font-family:Calibri, Calibri_EmbeddedFont, Calibri_MSFontService, sans-serif;\"><span style=\"margin:0px;\">Start Test Migration</span></span><span style=\"margin:0px;font-family:Calibri, Calibri_EmbeddedFont, Calibri_MSFontService, sans-serif;\">&nbsp;</span></p></li><li style=\"cursor:text;clear:both;font-size:11pt;font-family:Calibri, Calibri_MSFontService, sans-serif;\"><p style=\"margin:0px;font-weight:normal;color:windowtext;text-align:left;\"><span lang=EN-US style=\"margin:0px;font-family:Calibri, Calibri_EmbeddedFont, Calibri_MSFontService, sans-serif;\"><span style=\"margin:0px;\">Clean Up Test Migration</span></span><span style=\"margin:0px;font-family:Calibri, Calibri_EmbeddedFont, Calibri_MSFontService, sans-serif;\">&nbsp;</span></p></li><ul><li style=\"cursor:text;clear:both;font-size:11pt;font-family:Calibri, Calibri_MSFontService, sans-serif;\"><p style=\"margin:0px;font-weight:normal;color:windowtext;text-align:left;\"><span lang=EN-US style=\"margin:0px;font-family:Calibri, Calibri_EmbeddedFont, Calibri_MSFontService, sans-serif;\"><span style=\"margin:0px;\">Delete testing resources from environment&nbsp;</span></span><span style=\"margin:0px;font-family:Calibri, Calibri_EmbeddedFont, Calibri_MSFontService, sans-serif;\">&nbsp;</span></p></li></ul><li style=\"cursor:text;clear:both;font-size:11pt;font-family:Calibri, Calibri_MSFontService, sans-serif;\"><p style=\"margin:0px;font-weight:normal;color:windowtext;text-align:left;\"><span lang=EN-US style=\"margin:0px;font-family:Calibri, Calibri_EmbeddedFont, Calibri_MSFontService, sans-serif;\"><span style=\"margin:0px;\">Initialize Test Migration</span></span><span style=\"margin:0px;font-family:Calibri, Calibri_EmbeddedFont, Calibri_MSFontService, sans-serif;\">&nbsp;</span></p></li><ul><li style=\"cursor:text;clear:both;font-size:11pt;font-family:Calibri, Calibri_MSFontService, sans-serif;\"><p style=\"margin:0px;font-weight:normal;color:windowtext;text-align:left;\"><span lang=EN-US style=\"margin:0px;font-family:Calibri, Calibri_EmbeddedFont, Calibri_MSFontService, sans-serif;\"><span style=\"margin:0px;\">Outline input parameters</span></span><span style=\"margin:0px;font-family:Calibri, Calibri_EmbeddedFont, Calibri_MSFontService, sans-serif;\">&nbsp;</span></p></li></ul><li style=\"cursor:text;clear:both;font-size:11pt;font-family:Calibri, Calibri_MSFontService, sans-serif;\"><p style=\"margin:0px;font-weight:normal;color:windowtext;text-align:left;\"><span lang=EN-US style=\"margin:0px;font-family:Calibri, Calibri_EmbeddedFont, Calibri_MSFontService, sans-serif;\"><span style=\"margin:0px;\">Start Test Failover</span></span><span style=\"margin:0px;font-family:Calibri, Calibri_EmbeddedFont, Calibri_MSFontService, sans-serif;\">&nbsp;</span></p></li><li style=\"cursor:text;clear:both;font-size:11pt;font-family:Calibri, Calibri_MSFontService, sans-serif;\"><p style=\"margin:0px;font-weight:normal;color:windowtext;text-align:left;\"><span lang=EN-US style=\"margin:0px;font-family:Calibri, Calibri_EmbeddedFont, Calibri_MSFontService, sans-serif;\"><span style=\"margin:0px;\">Clean up Test Failover</span></span><span style=\"margin:0px;font-family:Calibri, Calibri_EmbeddedFont, Calibri_MSFontService, sans-serif;\">&nbsp;</span></p></li></ul></ul><br></div>",
        "System.AssignedTo": null,
        "Microsoft.VSTS.Scheduling.RemainingWork": 0.0,
        "Microsoft.VSTS.Common.Priority": 2.0,
        "System.BoardLane": null,
        "System.Tags": null,
        "Microsoft.VSTS.TCM.Steps": null,
        "Microsoft.VSTS.TCM.Parameters": null,
        "Microsoft.VSTS.TCM.LocalDataSource": null,
        "Microsoft.VSTS.TCM.AutomationStatus": null,
        "System.History": null
      },
      "relations": [
        {
          "rel": "System.LinkTypes.Hierarchy-Reverse",
          "url": "https://dev.azure.com/ricmart/_apis/wit/workItems/6010",
          "attributes": {
            "isLocked": "false",
            "name": "Parent"
          }
        }
      ],
      "url": "https://dev.azure.com/ricmart/_apis/wit/workItems/6027"
    },
    {
      "id": 6028,
      "rev": 4,
      "fields": {
        "System.AreaPath": "Migration Focus Group - IAC",
        "System.TeamProject": "Migration Focus Group - IAC",
        "System.IterationPath": "$ProjectName$\\Redeployment - Rehosting of Migration Waves",
        "System.WorkItemType": "Activity",
        "System.State": "New",
        "System.Reason": "New",
        "System.CreatedDate": "2021-09-16T21:59:04.047Z",
        "System.CreatedBy": "Ricardo Martins <ricmart@microsoft.com>",
        "System.ChangedDate": "2021-09-17T15:17:45.72Z",
        "System.ChangedBy": "Ricardo Martins <ricmart@microsoft.com>",
        "System.Title": "2.3.1 - Block a maintenance window when executing the CI/CD Pipeline",
        "Microsoft.VSTS.Scheduling.Effort": 0.0,
        "System.Description": null,
        "System.AssignedTo": null,
        "Microsoft.VSTS.Scheduling.RemainingWork": 0.0,
        "Microsoft.VSTS.Common.Priority": 2.0,
        "System.BoardLane": null,
        "System.Tags": null,
        "Microsoft.VSTS.TCM.Steps": null,
        "Microsoft.VSTS.TCM.Parameters": null,
        "Microsoft.VSTS.TCM.LocalDataSource": null,
        "Microsoft.VSTS.TCM.AutomationStatus": null,
        "System.History": null
      },
      "relations": [
        {
          "rel": "System.LinkTypes.Hierarchy-Reverse",
          "url": "https://dev.azure.com/ricmart/_apis/wit/workItems/6011",
          "attributes": {
            "isLocked": "false",
            "name": "Parent"
          }
        }
      ],
      "url": "https://dev.azure.com/ricmart/_apis/wit/workItems/6028"
    },
    {
      "id": 6029,
      "rev": 5,
      "fields": {
        "System.AreaPath": "Migration Focus Group - IAC",
        "System.TeamProject": "Migration Focus Group - IAC",
        "System.IterationPath": "$ProjectName$\\Migration",
        "System.WorkItemType": "Activity",
        "System.State": "New",
        "System.Reason": "New",
        "System.CreatedDate": "2021-09-16T21:59:35.343Z",
        "System.CreatedBy": "Ricardo Martins <ricmart@microsoft.com>",
        "System.ChangedDate": "2021-09-17T15:17:58.737Z",
        "System.ChangedBy": "Ricardo Martins <ricmart@microsoft.com>",
        "System.Title": "3.1.1 - Delineate CI/CD pipeline based on environment",
        "Microsoft.VSTS.Scheduling.Effort": 0.0,
        "System.Description": "<ul><ul><li style=\"cursor:text;clear:both;font-size:11pt;font-family:Calibri, Calibri_MSFontService, sans-serif;\"><p style=\"margin:0px;font-weight:normal;color:windowtext;text-align:left;\"><span lang=EN-US style=\"margin:0px;font-family:Calibri, Calibri_EmbeddedFont, Calibri_MSFontService, sans-serif;\"><span style=\"margin:0px;\">Ensure have the appropriate bicep files with the correct parameters</span></span><span style=\"margin:0px;font-family:Calibri, Calibri_EmbeddedFont, Calibri_MSFontService, sans-serif;\">&nbsp;</span></p></li><li style=\"cursor:text;clear:both;font-size:11pt;font-family:Calibri, Calibri_MSFontService, sans-serif;\"><p style=\"margin:0px;font-weight:normal;color:windowtext;text-align:left;\"><span lang=EN-US style=\"margin:0px;font-family:Calibri, Calibri_EmbeddedFont, Calibri_MSFontService, sans-serif;\"><span style=\"margin:0px;\">Migrate via the pipeline for environments in the order of non-prod to prod</span></span><span style=\"margin:0px;font-family:Calibri, Calibri_EmbeddedFont, Calibri_MSFontService, sans-serif;\">&nbsp;</span></p></li></ul></ul><br>",
        "System.AssignedTo": null,
        "Microsoft.VSTS.Scheduling.RemainingWork": 0.0,
        "Microsoft.VSTS.Common.Priority": 2.0,
        "System.BoardLane": null,
        "System.Tags": null,
        "Microsoft.VSTS.TCM.Steps": null,
        "Microsoft.VSTS.TCM.Parameters": null,
        "Microsoft.VSTS.TCM.LocalDataSource": null,
        "Microsoft.VSTS.TCM.AutomationStatus": null,
        "System.History": null
      },
      "relations": [
        {
          "rel": "System.LinkTypes.Hierarchy-Reverse",
          "url": "https://dev.azure.com/ricmart/_apis/wit/workItems/6012",
          "attributes": {
            "isLocked": "false",
            "name": "Parent"
          }
        }
      ],
      "url": "https://dev.azure.com/ricmart/_apis/wit/workItems/6029"
    },
    {
      "id": 6030,
      "rev": 5,
      "fields": {
        "System.AreaPath": "Migration Focus Group - IAC",
        "System.TeamProject": "Migration Focus Group - IAC",
        "System.IterationPath": "$ProjectName$\\Migration",
        "System.WorkItemType": "Activity",
        "System.State": "New",
        "System.Reason": "New",
        "System.CreatedDate": "2021-09-16T22:00:04.267Z",
        "System.CreatedBy": "Ricardo Martins <ricmart@microsoft.com>",
        "System.ChangedDate": "2021-09-17T15:18:10Z",
        "System.ChangedBy": "Ricardo Martins <ricmart@microsoft.com>",
        "System.Title": "3.2.1 - Example Pipeline Stages for Migration",
        "Microsoft.VSTS.Scheduling.Effort": 0.0,
        "System.Description": "<div><ul><ul><li style=\"cursor:text;clear:both;font-size:11pt;font-family:Calibri, Calibri_MSFontService, sans-serif;\"><p style=\"margin:0px;font-weight:normal;color:windowtext;text-align:left;\"><span lang=EN-US style=\"margin:0px;font-family:Calibri, Calibri_EmbeddedFont, Calibri_MSFontService, sans-serif;\"><span style=\"margin:0px;\">Initialize Migration</span></span><span style=\"margin:0px;font-family:Calibri, Calibri_EmbeddedFont, Calibri_MSFontService, sans-serif;\">&nbsp;</span></p></li><ul><li style=\"cursor:text;clear:both;font-size:11pt;font-family:Calibri, Calibri_MSFontService, sans-serif;\"><p style=\"margin:0px;font-weight:normal;color:windowtext;text-align:left;\"><span lang=EN-US style=\"margin:0px;font-family:Calibri, Calibri_EmbeddedFont, Calibri_MSFontService, sans-serif;\"><span style=\"margin:0px;\">Declare input parameters</span></span><span style=\"margin:0px;font-family:Calibri, Calibri_EmbeddedFont, Calibri_MSFontService, sans-serif;\">&nbsp;</span></p></li></ul><li style=\"cursor:text;clear:both;font-size:11pt;font-family:Calibri, Calibri_MSFontService, sans-serif;\"><p style=\"margin:0px;font-weight:normal;color:windowtext;text-align:left;\"><span lang=EN-US style=\"margin:0px;font-family:Calibri, Calibri_EmbeddedFont, Calibri_MSFontService, sans-serif;\"><span style=\"margin:0px;\">Start Migration</span></span><span style=\"margin:0px;font-family:Calibri, Calibri_EmbeddedFont, Calibri_MSFontService, sans-serif;\">&nbsp;</span></p></li><ul><li style=\"cursor:text;clear:both;font-size:11pt;font-family:Calibri, Calibri_MSFontService, sans-serif;\"><p style=\"margin:0px;font-weight:normal;color:windowtext;text-align:left;\"><span lang=EN-US style=\"margin:0px;font-family:Calibri, Calibri_EmbeddedFont, Calibri_MSFontService, sans-serif;\"><span style=\"margin:0px;\">Migrate via<span>&nbsp;</span></span><span style=\"margin:0px;\">IaC</span><span style=\"margin:0px;\"><span>&nbsp;</span>in specified waves (non-prod to prod</span><span style=\"margin:0px;\"><span>&nbsp;</span>as recommended path</span><span style=\"margin:0px;\">)</span></span><span style=\"margin:0px;font-family:Calibri, Calibri_EmbeddedFont, Calibri_MSFontService, sans-serif;\">&nbsp;</span></p></li></ul></ul></ul><br></div>",
        "System.AssignedTo": null,
        "Microsoft.VSTS.Scheduling.RemainingWork": 0.0,
        "Microsoft.VSTS.Common.Priority": 2.0,
        "System.BoardLane": null,
        "System.Tags": null,
        "Microsoft.VSTS.TCM.Steps": null,
        "Microsoft.VSTS.TCM.Parameters": null,
        "Microsoft.VSTS.TCM.LocalDataSource": null,
        "Microsoft.VSTS.TCM.AutomationStatus": null,
        "System.History": null
      },
      "relations": [
        {
          "rel": "System.LinkTypes.Hierarchy-Reverse",
          "url": "https://dev.azure.com/ricmart/_apis/wit/workItems/6013",
          "attributes": {
            "isLocked": "false",
            "name": "Parent"
          }
        }
      ],
      "url": "https://dev.azure.com/ricmart/_apis/wit/workItems/6030"
    },
    {
      "id": 6031,
      "rev": 5,
      "fields": {
        "System.AreaPath": "Migration Focus Group - IAC",
        "System.TeamProject": "Migration Focus Group - IAC",
        "System.IterationPath": "$ProjectName$\\Migration",
        "System.WorkItemType": "Activity",
        "System.State": "New",
        "System.Reason": "New",
        "System.CreatedDate": "2021-09-16T22:00:44.317Z",
        "System.CreatedBy": "Ricardo Martins <ricmart@microsoft.com>",
        "System.ChangedDate": "2021-09-17T15:18:21.763Z",
        "System.ChangedBy": "Ricardo Martins <ricmart@microsoft.com>",
        "System.Title": "3.3.1 - Post migration activities (optional)",
        "Microsoft.VSTS.Scheduling.Effort": 0.0,
        "System.Description": "<div><ul><ul><li style=\"cursor:text;clear:both;font-size:11pt;font-family:Calibri, Calibri_MSFontService, sans-serif;\"><p style=\"margin:0px;font-weight:normal;color:windowtext;text-align:left;\"><span lang=EN-US style=\"margin:0px;font-family:Calibri, Calibri_EmbeddedFont, Calibri_MSFontService, sans-serif;\"><span style=\"margin:0px;\">Validate connections<span>&nbsp;</span></span><span style=\"margin:0px;\">to the VMs<span>&nbsp;</span></span><span style=\"margin:0px;\">that were</span><span style=\"margin:0px;\"><span>&nbsp;</span>done in the Testing Phase now that the cutover is complete</span></span><span style=\"margin:0px;font-family:Calibri, Calibri_EmbeddedFont, Calibri_MSFontService, sans-serif;\">&nbsp;</span></p></li><li style=\"cursor:text;clear:both;font-size:11pt;font-family:Calibri, Calibri_MSFontService, sans-serif;\"><p style=\"margin:0px;font-weight:normal;color:windowtext;text-align:left;\"><span lang=EN-US style=\"margin:0px;font-family:Calibri, Calibri_EmbeddedFont, Calibri_MSFontService, sans-serif;\"><span style=\"margin:0px;\">BCDR Considerations</span><span style=\"margin:0px;\">&nbsp;</span></span><span style=\"margin:0px;font-family:Calibri, Calibri_EmbeddedFont, Calibri_MSFontService, sans-serif;\">&nbsp;</span></p></li><ul><li style=\"cursor:text;clear:both;font-size:11pt;font-family:Calibri, Calibri_MSFontService, sans-serif;\"><p style=\"margin:0px;font-weight:normal;color:windowtext;text-align:left;\"><span lang=EN-US style=\"margin:0px;font-family:Calibri, Calibri_EmbeddedFont, Calibri_MSFontService, sans-serif;\"><span style=\"margin:0px;\">Backup of Servers</span></span><span style=\"margin:0px;font-family:Calibri, Calibri_EmbeddedFont, Calibri_MSFontService, sans-serif;\">&nbsp;</span></p></li><ul><li style=\"cursor:text;clear:both;font-size:11pt;font-family:Calibri, Calibri_MSFontService, sans-serif;\"><p style=\"margin:0px;font-weight:normal;color:windowtext;text-align:left;\"><span lang=EN-US style=\"margin:0px;font-family:Calibri, Calibri_EmbeddedFont, Calibri_MSFontService, sans-serif;\"><span style=\"margin:0px;\">Can be executed via Azure Policy</span><span style=\"margin:0px;\"><span>&nbsp;</span>with Azure Backup</span><span style=\"margin:0px;\">:&nbsp;</span></span><span style=\"margin:0px;font-family:Calibri, Calibri_EmbeddedFont, Calibri_MSFontService, sans-serif;\">&nbsp;</span></p></li><ul><li style=\"cursor:text;clear:both;font-size:11pt;font-family:Calibri, Calibri_MSFontService, sans-serif;\"><p style=\"margin:0px;font-weight:normal;color:windowtext;text-align:left;\"><span lang=EN-US style=\"margin:0px;font-family:Calibri, Calibri_EmbeddedFont, Calibri_MSFontService, sans-serif;\"><span style=\"margin:0px;\">DevOps Task:<span>&nbsp;</span></span></span><a href=\"https://docs.microsoft.com/en-us/azure/devops/pipelines/tasks/deploy/azure-policy?view=azure-devops\" target=_blank rel=\"noreferrer noopener\" style=\"margin:0px;cursor:pointer;\"><span lang=EN-US style=\"margin:0px;color:rgb(0, 0, 255);text-decoration:underline;font-family:Calibri, Calibri_EmbeddedFont, Calibri_MSFontService, sans-serif;\"><span style=\"margin:0px;\">https://docs.microsoft.com/en-us/azure/devops/pipelines/tasks/deploy/azure-policy?view=azure-devops</span></span></a><span lang=EN-US style=\"margin:0px;font-family:Calibri, Calibri_EmbeddedFont, Calibri_MSFontService, sans-serif;\"><span style=\"margin:0px;\">&nbsp;</span></span><span style=\"margin:0px;font-family:Calibri, Calibri_EmbeddedFont, Calibri_MSFontService, sans-serif;\">&nbsp;</span></p></li><li style=\"cursor:text;clear:both;font-size:11pt;font-family:Calibri, Calibri_MSFontService, sans-serif;\"><p style=\"margin:0px;font-weight:normal;color:windowtext;text-align:left;\"><span lang=EN-US style=\"margin:0px;font-family:Calibri, Calibri_EmbeddedFont, Calibri_MSFontService, sans-serif;\"><span style=\"margin:0px;\">Policy:<span>&nbsp;</span></span></span><a href=\"https://docs.microsoft.com/en-us/azure/backup/backup-azure-auto-enable-backup#policy-4---preview-configure-backup-on-vms-with-a-given-tag-to-a-new-recovery-services-vault-with-a-default-policy\" target=_blank rel=\"noreferrer noopener\" style=\"margin:0px;cursor:pointer;\"><span lang=EN-US style=\"margin:0px;color:rgb(0, 0, 255);text-decoration:underline;font-family:Calibri, Calibri_EmbeddedFont, Calibri_MSFontService, sans-serif;\"><span style=\"margin:0px;\">https://docs.microsoft.com/en-us/azure/backup/backup-azure-auto-enable-backup#policy-4---preview-configure-backup-on-vms-with-a-given-tag-to-a-new-recovery-services-vault-with-a-default-policy</span></span></a><span lang=EN-US style=\"margin:0px;font-family:Calibri, Calibri_EmbeddedFont, Calibri_MSFontService, sans-serif;\"></span><span style=\"margin:0px;font-family:Calibri, Calibri_EmbeddedFont, Calibri_MSFontService, sans-serif;\">&nbsp;</span></p></li></ul></ul><li style=\"cursor:text;clear:both;font-size:11pt;font-family:Calibri, Calibri_MSFontService, sans-serif;\"><p style=\"margin:0px;font-weight:normal;color:windowtext;text-align:left;\"><span lang=EN-US style=\"margin:0px;font-family:Calibri, Calibri_EmbeddedFont, Calibri_MSFontService, sans-serif;\"><span style=\"margin:0px;\">Enable Azure Site Recovery</span><span style=\"margin:0px;\"><span>&nbsp;</span>for Disaster Recovery</span></span><span style=\"margin:0px;font-family:Calibri, Calibri_EmbeddedFont, Calibri_MSFontService, sans-serif;\">&nbsp;</span></p></li><ul><li style=\"cursor:text;clear:both;font-size:11pt;font-family:Calibri, Calibri_MSFontService, sans-serif;\"><p style=\"margin:0px;font-weight:normal;color:windowtext;text-align:left;\"><span lang=EN-US style=\"margin:0px;font-family:Calibri, Calibri_EmbeddedFont, Calibri_MSFontService, sans-serif;\"></span><a href=\"https://docs.microsoft.com/en-us/azure/site-recovery/azure-to-azure-tutorial-enable-replication\" target=_blank rel=\"noreferrer noopener\" style=\"margin:0px;cursor:pointer;\"><span lang=EN-US style=\"margin:0px;color:rgb(0, 0, 255);text-decoration:underline;font-family:Calibri, Calibri_EmbeddedFont, Calibri_MSFontService, sans-serif;\"><span style=\"margin:0px;\">Tutorial to set up Azure VM disaster recovery with Azure Site Recovery - Azure Site Recovery | Microsoft Docs</span></span></a><span lang=EN-US style=\"margin:0px;font-family:Calibri, Calibri_EmbeddedFont, Calibri_MSFontService, sans-serif;\"></span><span style=\"margin:0px;font-family:Calibri, Calibri_EmbeddedFont, Calibri_MSFontService, sans-serif;\">&nbsp;</span></p></li></ul></ul><li style=\"cursor:text;clear:both;font-size:11pt;font-family:Calibri, Calibri_MSFontService, sans-serif;\"><p style=\"margin:0px;font-weight:normal;color:windowtext;text-align:left;\"><span lang=EN-US style=\"margin:0px;font-family:Calibri, Calibri_EmbeddedFont, Calibri_MSFontService, sans-serif;\"><span style=\"margin:0px;\">Deploy Azure Disk Encryption to help secure disks and keep data safe from theft and unauthorized access.</span></span><span style=\"margin:0px;font-family:Calibri, Calibri_EmbeddedFont, Calibri_MSFontService, sans-serif;\">&nbsp;</span></p></li><li style=\"cursor:text;clear:both;font-size:11pt;font-family:Calibri, Calibri_MSFontService, sans-serif;\"><p style=\"margin:0px;font-weight:normal;color:windowtext;text-align:left;\"><span lang=EN-US style=\"margin:0px;font-family:Calibri, Calibri_EmbeddedFont, Calibri_MSFontService, sans-serif;\"><span style=\"margin:0px;\">Maintenance of Shared Image Gallery</span><span style=\"margin:0px;\"><span>&nbsp;</span>with Azure DevOps</span></span><span style=\"margin:0px;font-family:Calibri, Calibri_EmbeddedFont, Calibri_MSFontService, sans-serif;\">&nbsp;</span></p></li><ul><li style=\"cursor:text;clear:both;font-size:11pt;font-family:Calibri, Calibri_MSFontService, sans-serif;\"><p style=\"margin:0px;font-weight:normal;color:windowtext;text-align:left;\"><span lang=EN-US style=\"margin:0px;font-family:Calibri, Calibri_EmbeddedFont, Calibri_MSFontService, sans-serif;\"><span style=\"margin:0px;\">Release of New Images</span></span><span style=\"margin:0px;font-family:Calibri, Calibri_EmbeddedFont, Calibri_MSFontService, sans-serif;\">&nbsp;</span></p></li></ul><li style=\"cursor:text;clear:both;font-size:11pt;font-family:Calibri, Calibri_MSFontService, sans-serif;\"><p style=\"margin:0px;font-weight:normal;color:windowtext;text-align:left;\"><span lang=EN-US style=\"margin:0px;font-family:Calibri, Calibri_EmbeddedFont, Calibri_MSFontService, sans-serif;\"><span style=\"margin:0px;\">Monitoring of Cloud<span>&nbsp;</span></span><span style=\"margin:0px;\">Assets</span><span style=\"margin:0px;\"><span>&nbsp;</span></span><span style=\"margin:0px;\">Through Azure Monitor</span></span><span style=\"margin:0px;font-family:Calibri, Calibri_EmbeddedFont, Calibri_MSFontService, sans-serif;\">&nbsp;</span></p></li><ul><li style=\"cursor:text;clear:both;font-size:11pt;font-family:Calibri, Calibri_MSFontService, sans-serif;\"><p style=\"margin:0px;font-weight:normal;color:windowtext;text-align:left;\"><span lang=EN-US style=\"margin:0px;font-family:Calibri, Calibri_EmbeddedFont, Calibri_MSFontService, sans-serif;\"><span style=\"margin:0px;\">Workbooks:<span>&nbsp;</span></span></span><a href=\"https://docs.microsoft.com/en-us/azure/azure-monitor/visualize/workbooks-data-sources\" target=_blank rel=\"noreferrer noopener\" style=\"margin:0px;cursor:pointer;\"><span lang=EN-US style=\"margin:0px;color:rgb(0, 0, 255);text-decoration:underline;font-family:Calibri, Calibri_EmbeddedFont, Calibri_MSFontService, sans-serif;\"><span style=\"margin:0px;\">https://docs.microsoft.com/en-us/azure/azure-monitor/visualize/workbooks-data-sources</span></span></a><span lang=EN-US style=\"margin:0px;font-family:Calibri, Calibri_EmbeddedFont, Calibri_MSFontService, sans-serif;\"></span><span style=\"margin:0px;font-family:Calibri, Calibri_EmbeddedFont, Calibri_MSFontService, sans-serif;\">&nbsp;</span></p></li><ul><li style=\"cursor:text;clear:both;font-size:11pt;font-family:Calibri, Calibri_MSFontService, sans-serif;\"><p style=\"margin:0px;font-weight:normal;color:windowtext;text-align:left;\"><span lang=EN-US style=\"margin:0px;font-family:Calibri, Calibri_EmbeddedFont, Calibri_MSFontService, sans-serif;\"><span style=\"margin:0px;\">Library:<span>&nbsp;</span></span></span><a href=\"https://github.com/microsoft/Application-Insights-Workbooks/tree/master/Workbooks\" target=_blank rel=\"noreferrer noopener\" style=\"margin:0px;cursor:pointer;\"><span lang=EN-US style=\"margin:0px;color:rgb(0, 0, 255);text-decoration:underline;font-family:Calibri, Calibri_EmbeddedFont, Calibri_MSFontService, sans-serif;\"><span style=\"margin:0px;\">Application-Insights-Workbooks/Workbooks at master ·<span>&nbsp;</span></span><span style=\"margin:0px;\">microsoft</span><span style=\"margin:0px;\">/Application-Insights-Workbooks (github.com)</span></span></a><span lang=EN-US style=\"margin:0px;font-family:Calibri, Calibri_EmbeddedFont, Calibri_MSFontService, sans-serif;\"></span><span style=\"margin:0px;font-family:Calibri, Calibri_EmbeddedFont, Calibri_MSFontService, sans-serif;\">&nbsp;</span></p></li></ul></ul></ul></ul><br></div>",
        "System.AssignedTo": null,
        "Microsoft.VSTS.Scheduling.RemainingWork": 0.0,
        "Microsoft.VSTS.Common.Priority": 2.0,
        "System.BoardLane": null,
        "System.Tags": null,
        "Microsoft.VSTS.TCM.Steps": null,
        "Microsoft.VSTS.TCM.Parameters": null,
        "Microsoft.VSTS.TCM.LocalDataSource": null,
        "Microsoft.VSTS.TCM.AutomationStatus": null,
        "System.History": null
      },
      "relations": [
        {
          "rel": "System.LinkTypes.Hierarchy-Reverse",
          "url": "https://dev.azure.com/ricmart/_apis/wit/workItems/6014",
          "attributes": {
            "isLocked": "false",
            "name": "Parent"
          }
        }
      ],
      "url": "https://dev.azure.com/ricmart/_apis/wit/workItems/6031"
    }
  ],
  "HttpStatusCode": 0,
  "Message": null
}