{
  "count": 9,
  "value": [
    {
      "id": 6004,
      "rev": 9,
      "fields": {
        "System.AreaPath": "Migration Focus Group - IAC",
        "System.TeamProject": "Migration Focus Group - IAC",
        "System.IterationPath": "$ProjectName$\\Redeployment - Rehosting of Migration Waves",
        "System.WorkItemType": "Deliverable",
        "System.State": "New",
        "System.Reason": "New",
        "System.CreatedDate": "2021-09-16T21:25:00.363Z",
        "System.CreatedBy": "Ricardo Martins <ricmart@microsoft.com>",
        "System.ChangedDate": "2021-09-17T15:11:23.683Z",
        "System.ChangedBy": "Ricardo Martins <ricmart@microsoft.com>",
        "System.Title": "1.1 - Redeployment/Rehosting Pre-Requisites",
        "Microsoft.VSTS.Scheduling.Effort": 0.0,
        "System.Description": null,
        "System.AssignedTo": null,
        "Microsoft.VSTS.Scheduling.RemainingWork": 0.0,
        "Microsoft.VSTS.Common.Priority": 2.0,
        "System.BoardLane": null,
        "System.Tags": null,
        "Microsoft.VSTS.TCM.Steps": null,
        "Microsoft.VSTS.TCM.Parameters": null,
        "Microsoft.VSTS.TCM.LocalDataSource": null,
        "Microsoft.VSTS.TCM.AutomationStatus": null,
        "System.History": null
      },
      "relations": [
        {
          "rel": "System.LinkTypes.Hierarchy-Forward",
          "url": "https://dev.azure.com/ricmart/_apis/wit/workItems/6016",
          "attributes": {
            "isLocked": "false",
            "name": "Child"
          }
        },
        {
          "rel": "System.LinkTypes.Hierarchy-Forward",
          "url": "https://dev.azure.com/ricmart/_apis/wit/workItems/6017",
          "attributes": {
            "isLocked": "false",
            "name": "Child"
          }
        },
        {
          "rel": "System.LinkTypes.Hierarchy-Reverse",
          "url": "https://dev.azure.com/ricmart/_apis/wit/workItems/5998",
          "attributes": {
            "isLocked": "false",
            "name": "Parent"
          }
        },
        {
          "rel": "System.LinkTypes.Hierarchy-Forward",
          "url": "https://dev.azure.com/ricmart/_apis/wit/workItems/6015",
          "attributes": {
            "isLocked": "false",
            "name": "Child"
          }
        }
      ],
      "url": "https://dev.azure.com/ricmart/_apis/wit/workItems/6004"
    },
    {
      "id": 6006,
      "rev": 7,
      "fields": {
        "System.AreaPath": "Migration Focus Group - IAC",
        "System.TeamProject": "Migration Focus Group - IAC",
        "System.IterationPath": "$ProjectName$\\Redeployment - Rehosting of Migration Waves",
        "System.WorkItemType": "Deliverable",
        "System.State": "New",
        "System.Reason": "New",
        "System.CreatedDate": "2021-09-16T21:47:32.547Z",
        "System.CreatedBy": "Ricardo Martins <ricmart@microsoft.com>",
        "System.ChangedDate": "2021-09-17T15:11:57.593Z",
        "System.ChangedBy": "Ricardo Martins <ricmart@microsoft.com>",
        "System.Title": "1.2 - Deployment Tools",
        "Microsoft.VSTS.Scheduling.Effort": 0.0,
        "System.Description": null,
        "System.AssignedTo": null,
        "Microsoft.VSTS.Scheduling.RemainingWork": 0.0,
        "Microsoft.VSTS.Common.Priority": 2.0,
        "System.BoardLane": null,
        "System.Tags": null,
        "Microsoft.VSTS.TCM.Steps": null,
        "Microsoft.VSTS.TCM.Parameters": null,
        "Microsoft.VSTS.TCM.LocalDataSource": null,
        "Microsoft.VSTS.TCM.AutomationStatus": null,
        "System.History": null
      },
      "relations": [
        {
          "rel": "System.LinkTypes.Hierarchy-Forward",
          "url": "https://dev.azure.com/ricmart/_apis/wit/workItems/6021",
          "attributes": {
            "isLocked": "false",
            "name": "Child"
          }
        },
        {
          "rel": "System.LinkTypes.Hierarchy-Forward",
          "url": "https://dev.azure.com/ricmart/_apis/wit/workItems/6018",
          "attributes": {
            "isLocked": "false",
            "name": "Child"
          }
        },
        {
          "rel": "System.LinkTypes.Hierarchy-Forward",
          "url": "https://dev.azure.com/ricmart/_apis/wit/workItems/6020",
          "attributes": {
            "isLocked": "false",
            "name": "Child"
          }
        },
        {
          "rel": "System.LinkTypes.Hierarchy-Forward",
          "url": "https://dev.azure.com/ricmart/_apis/wit/workItems/6019",
          "attributes": {
            "isLocked": "false",
            "name": "Child"
          }
        },
        {
          "rel": "System.LinkTypes.Hierarchy-Reverse",
          "url": "https://dev.azure.com/ricmart/_apis/wit/workItems/5998",
          "attributes": {
            "isLocked": "false",
            "name": "Parent"
          }
        }
      ],
      "url": "https://dev.azure.com/ricmart/_apis/wit/workItems/6006"
    },
    {
      "id": 6008,
      "rev": 7,
      "fields": {
        "System.AreaPath": "Migration Focus Group - IAC",
        "System.TeamProject": "Migration Focus Group - IAC",
        "System.IterationPath": "$ProjectName$\\Redeployment - Rehosting of Migration Waves",
        "System.WorkItemType": "Deliverable",
        "System.State": "New",
        "System.Reason": "New",
        "System.CreatedDate": "2021-09-16T21:49:01.837Z",
        "System.CreatedBy": "Ricardo Martins <ricmart@microsoft.com>",
        "System.ChangedDate": "2021-09-17T15:12:01.477Z",
        "System.ChangedBy": "Ricardo Martins <ricmart@microsoft.com>",
        "System.Title": "1.3 - Pipeline Execution for Rehost/Redeployment ",
        "Microsoft.VSTS.Scheduling.Effort": 0.0,
        "System.Description": null,
        "System.AssignedTo": null,
        "Microsoft.VSTS.Scheduling.RemainingWork": 0.0,
        "Microsoft.VSTS.Common.Priority": 2.0,
        "System.BoardLane": null,
        "System.Tags": null,
        "Microsoft.VSTS.TCM.Steps": null,
        "Microsoft.VSTS.TCM.Parameters": null,
        "Microsoft.VSTS.TCM.LocalDataSource": null,
        "Microsoft.VSTS.TCM.AutomationStatus": null,
        "System.History": null
      },
      "relations": [
        {
          "rel": "System.LinkTypes.Hierarchy-Reverse",
          "url": "https://dev.azure.com/ricmart/_apis/wit/workItems/5998",
          "attributes": {
            "isLocked": "false",
            "name": "Parent"
          }
        },
        {
          "rel": "System.LinkTypes.Hierarchy-Forward",
          "url": "https://dev.azure.com/ricmart/_apis/wit/workItems/6023",
          "attributes": {
            "isLocked": "false",
            "name": "Child"
          }
        },
        {
          "rel": "System.LinkTypes.Hierarchy-Forward",
          "url": "https://dev.azure.com/ricmart/_apis/wit/workItems/6022",
          "attributes": {
            "isLocked": "false",
            "name": "Child"
          }
        }
      ],
      "url": "https://dev.azure.com/ricmart/_apis/wit/workItems/6008"
    },
    {
      "id": 6009,
      "rev": 6,
      "fields": {
        "System.AreaPath": "Migration Focus Group - IAC",
        "System.TeamProject": "Migration Focus Group - IAC",
        "System.IterationPath": "$ProjectName$\\Testing",
        "System.WorkItemType": "Deliverable",
        "System.State": "New",
        "System.Reason": "New",
        "System.CreatedDate": "2021-09-16T21:49:54.597Z",
        "System.CreatedBy": "Ricardo Martins <ricmart@microsoft.com>",
        "System.ChangedDate": "2021-09-17T15:12:21.4Z",
        "System.ChangedBy": "Ricardo Martins <ricmart@microsoft.com>",
        "System.Title": "2.1 - Pre-Requisites",
        "Microsoft.VSTS.Scheduling.Effort": 0.0,
        "System.Description": null,
        "System.AssignedTo": null,
        "Microsoft.VSTS.Scheduling.RemainingWork": 0.0,
        "Microsoft.VSTS.Common.Priority": 2.0,
        "System.BoardLane": null,
        "System.Tags": null,
        "Microsoft.VSTS.TCM.Steps": null,
        "Microsoft.VSTS.TCM.Parameters": null,
        "Microsoft.VSTS.TCM.LocalDataSource": null,
        "Microsoft.VSTS.TCM.AutomationStatus": null,
        "System.History": null
      },
      "relations": [
        {
          "rel": "System.LinkTypes.Hierarchy-Forward",
          "url": "https://dev.azure.com/ricmart/_apis/wit/workItems/6024",
          "attributes": {
            "isLocked": "false",
            "name": "Child"
          }
        },
        {
          "rel": "System.LinkTypes.Hierarchy-Forward",
          "url": "https://dev.azure.com/ricmart/_apis/wit/workItems/6026",
          "attributes": {
            "isLocked": "false",
            "name": "Child"
          }
        },
        {
          "rel": "System.LinkTypes.Hierarchy-Forward",
          "url": "https://dev.azure.com/ricmart/_apis/wit/workItems/6025",
          "attributes": {
            "isLocked": "false",
            "name": "Child"
          }
        },
        {
          "rel": "System.LinkTypes.Hierarchy-Reverse",
          "url": "https://dev.azure.com/ricmart/_apis/wit/workItems/5999",
          "attributes": {
            "isLocked": "false",
            "name": "Parent"
          }
        }
      ],
      "url": "https://dev.azure.com/ricmart/_apis/wit/workItems/6009"
    },
    {
      "id": 6010,
      "rev": 6,
      "fields": {
        "System.AreaPath": "Migration Focus Group - IAC",
        "System.TeamProject": "Migration Focus Group - IAC",
        "System.IterationPath": "$ProjectName$\\Testing",
        "System.WorkItemType": "Deliverable",
        "System.State": "New",
        "System.Reason": "New",
        "System.CreatedDate": "2021-09-16T21:50:14.697Z",
        "System.CreatedBy": "Ricardo Martins <ricmart@microsoft.com>",
        "System.ChangedDate": "2021-09-17T15:12:26.56Z",
        "System.ChangedBy": "Ricardo Martins <ricmart@microsoft.com>",
        "System.Title": "2.2 - Pipeline Execution for Testing",
        "Microsoft.VSTS.Scheduling.Effort": 0.0,
        "System.Description": null,
        "System.AssignedTo": null,
        "Microsoft.VSTS.Scheduling.RemainingWork": 0.0,
        "Microsoft.VSTS.Common.Priority": 2.0,
        "System.BoardLane": null,
        "System.Tags": null,
        "Microsoft.VSTS.TCM.Steps": null,
        "Microsoft.VSTS.TCM.Parameters": null,
        "Microsoft.VSTS.TCM.LocalDataSource": null,
        "Microsoft.VSTS.TCM.AutomationStatus": null,
        "System.History": null
      },
      "relations": [
        {
          "rel": "System.LinkTypes.Hierarchy-Forward",
          "url": "https://dev.azure.com/ricmart/_apis/wit/workItems/6027",
          "attributes": {
            "isLocked": "false",
            "name": "Child"
          }
        },
        {
          "rel": "System.LinkTypes.Hierarchy-Reverse",
          "url": "https://dev.azure.com/ricmart/_apis/wit/workItems/5999",
          "attributes": {
            "isLocked": "false",
            "name": "Parent"
          }
        }
      ],
      "url": "https://dev.azure.com/ricmart/_apis/wit/workItems/6010"
    },
    {
      "id": 6011,
      "rev": 6,
      "fields": {
        "System.AreaPath": "Migration Focus Group - IAC",
        "System.TeamProject": "Migration Focus Group - IAC",
        "System.IterationPath": "$ProjectName$\\Testing",
        "System.WorkItemType": "Deliverable",
        "System.State": "New",
        "System.Reason": "New",
        "System.CreatedDate": "2021-09-16T21:50:32.873Z",
        "System.CreatedBy": "Ricardo Martins <ricmart@microsoft.com>",
        "System.ChangedDate": "2021-09-17T15:12:32.07Z",
        "System.ChangedBy": "Ricardo Martins <ricmart@microsoft.com>",
        "System.Title": "2.3 - Recommendations for Testing Phase",
        "Microsoft.VSTS.Scheduling.Effort": 0.0,
        "System.Description": null,
        "System.AssignedTo": null,
        "Microsoft.VSTS.Scheduling.RemainingWork": 0.0,
        "Microsoft.VSTS.Common.Priority": 2.0,
        "System.BoardLane": null,
        "System.Tags": null,
        "Microsoft.VSTS.TCM.Steps": null,
        "Microsoft.VSTS.TCM.Parameters": null,
        "Microsoft.VSTS.TCM.LocalDataSource": null,
        "Microsoft.VSTS.TCM.AutomationStatus": null,
        "System.History": null
      },
      "relations": [
        {
          "rel": "System.LinkTypes.Hierarchy-Forward",
          "url": "https://dev.azure.com/ricmart/_apis/wit/workItems/6028",
          "attributes": {
            "isLocked": "false",
            "name": "Child"
          }
        },
        {
          "rel": "System.LinkTypes.Hierarchy-Reverse",
          "url": "https://dev.azure.com/ricmart/_apis/wit/workItems/5999",
          "attributes": {
            "isLocked": "false",
            "name": "Parent"
          }
        }
      ],
      "url": "https://dev.azure.com/ricmart/_apis/wit/workItems/6011"
    },
    {
      "id": 6012,
      "rev": 6,
      "fields": {
        "System.AreaPath": "Migration Focus Group - IAC",
        "System.TeamProject": "Migration Focus Group - IAC",
        "System.IterationPath": "$ProjectName$\\Migration",
        "System.WorkItemType": "Deliverable",
        "System.State": "New",
        "System.Reason": "New",
        "System.CreatedDate": "2021-09-16T21:50:57.503Z",
        "System.CreatedBy": "Ricardo Martins <ricmart@microsoft.com>",
        "System.ChangedDate": "2021-09-17T15:12:51.613Z",
        "System.ChangedBy": "Ricardo Martins <ricmart@microsoft.com>",
        "System.Title": "3.1 - Pre-Migration Activities",
        "Microsoft.VSTS.Scheduling.Effort": 0.0,
        "System.Description": null,
        "System.AssignedTo": null,
        "Microsoft.VSTS.Scheduling.RemainingWork": 0.0,
        "Microsoft.VSTS.Common.Priority": 2.0,
        "System.BoardLane": null,
        "System.Tags": null,
        "Microsoft.VSTS.TCM.Steps": null,
        "Microsoft.VSTS.TCM.Parameters": null,
        "Microsoft.VSTS.TCM.LocalDataSource": null,
        "Microsoft.VSTS.TCM.AutomationStatus": null,
        "System.History": null
      },
      "relations": [
        {
          "rel": "System.LinkTypes.Hierarchy-Forward",
          "url": "https://dev.azure.com/ricmart/_apis/wit/workItems/6029",
          "attributes": {
            "isLocked": "false",
            "name": "Child"
          }
        },
        {
          "rel": "System.LinkTypes.Hierarchy-Reverse",
          "url": "https://dev.azure.com/ricmart/_apis/wit/workItems/6005",
          "attributes": {
            "isLocked": "false",
            "name": "Parent"
          }
        }
      ],
      "url": "https://dev.azure.com/ricmart/_apis/wit/workItems/6012"
    },
    {
      "id": 6013,
      "rev": 6,
      "fields": {
        "System.AreaPath": "Migration Focus Group - IAC",
        "System.TeamProject": "Migration Focus Group - IAC",
        "System.IterationPath": "$ProjectName$\\Migration",
        "System.WorkItemType": "Deliverable",
        "System.State": "New",
        "System.Reason": "New",
        "System.CreatedDate": "2021-09-16T21:51:11.557Z",
        "System.CreatedBy": "Ricardo Martins <ricmart@microsoft.com>",
        "System.ChangedDate": "2021-09-17T15:12:56.557Z",
        "System.ChangedBy": "Ricardo Martins <ricmart@microsoft.com>",
        "System.Title": "3.2 - Pipeline Execution for Migration",
        "Microsoft.VSTS.Scheduling.Effort": 0.0,
        "System.Description": null,
        "System.AssignedTo": null,
        "Microsoft.VSTS.Scheduling.RemainingWork": 0.0,
        "Microsoft.VSTS.Common.Priority": 2.0,
        "System.BoardLane": null,
        "System.Tags": null,
        "Microsoft.VSTS.TCM.Steps": null,
        "Microsoft.VSTS.TCM.Parameters": null,
        "Microsoft.VSTS.TCM.LocalDataSource": null,
        "Microsoft.VSTS.TCM.AutomationStatus": null,
        "System.History": null
      },
      "relations": [
        {
          "rel": "System.LinkTypes.Hierarchy-Forward",
          "url": "https://dev.azure.com/ricmart/_apis/wit/workItems/6030",
          "attributes": {
            "isLocked": "false",
            "name": "Child"
          }
        },
        {
          "rel": "System.LinkTypes.Hierarchy-Reverse",
          "url": "https://dev.azure.com/ricmart/_apis/wit/workItems/6005",
          "attributes": {
            "isLocked": "false",
            "name": "Parent"
          }
        }
      ],
      "url": "https://dev.azure.com/ricmart/_apis/wit/workItems/6013"
    },
    {
      "id": 6014,
      "rev": 6,
      "fields": {
        "System.AreaPath": "Migration Focus Group - IAC",
        "System.TeamProject": "Migration Focus Group - IAC",
        "System.IterationPath": "$ProjectName$\\Migration",
        "System.WorkItemType": "Deliverable",
        "System.State": "New",
        "System.Reason": "New",
        "System.CreatedDate": "2021-09-16T21:51:23.493Z",
        "System.CreatedBy": "Ricardo Martins <ricmart@microsoft.com>",
        "System.ChangedDate": "2021-09-17T15:13:01.747Z",
        "System.ChangedBy": "Ricardo Martins <ricmart@microsoft.com>",
        "System.Title": "3.3 - Recommendations for Migration Phase",
        "Microsoft.VSTS.Scheduling.Effort": 0.0,
        "System.Description": null,
        "System.AssignedTo": null,
        "Microsoft.VSTS.Scheduling.RemainingWork": 0.0,
        "Microsoft.VSTS.Common.Priority": 2.0,
        "System.BoardLane": null,
        "System.Tags": null,
        "Microsoft.VSTS.TCM.Steps": null,
        "Microsoft.VSTS.TCM.Parameters": null,
        "Microsoft.VSTS.TCM.LocalDataSource": null,
        "Microsoft.VSTS.TCM.AutomationStatus": null,
        "System.History": null
      },
      "relations": [
        {
          "rel": "System.LinkTypes.Hierarchy-Reverse",
          "url": "https://dev.azure.com/ricmart/_apis/wit/workItems/6005",
          "attributes": {
            "isLocked": "false",
            "name": "Parent"
          }
        },
        {
          "rel": "System.LinkTypes.Hierarchy-Forward",
          "url": "https://dev.azure.com/ricmart/_apis/wit/workItems/6031",
          "attributes": {
            "isLocked": "false",
            "name": "Child"
          }
        }
      ],
      "url": "https://dev.azure.com/ricmart/_apis/wit/workItems/6014"
    }
  ],
  "HttpStatusCode": 0,
  "Message": null
}