{
  "count": 3,
  "value": [
    {
      "id": 5998,
      "rev": 10,
      "fields": {
        "System.AreaPath": "Migration Focus Group - IAC",
        "System.TeamProject": "Migration Focus Group - IAC",
        "System.IterationPath": "$ProjectName$\\Redeployment - Rehosting of Migration Waves",
        "System.WorkItemType": "Wave",
        "System.State": "New",
        "System.Reason": "New",
        "System.CreatedDate": "2021-09-16T18:48:39.66Z",
        "System.CreatedBy": "Ricardo Martins <ricmart@microsoft.com>",
        "System.ChangedDate": "2021-09-17T15:11:15.113Z",
        "System.ChangedBy": "Ricardo Martins <ricmart@microsoft.com>",
        "System.Title": "1 - Redeployment/Rehosting ",
        "Microsoft.VSTS.Scheduling.Effort": 0.0,
        "System.Description": null,
        "System.AssignedTo": null,
        "Microsoft.VSTS.Scheduling.RemainingWork": 0.0,
        "Microsoft.VSTS.Common.Priority": 2.0,
        "System.BoardLane": null,
        "System.Tags": null,
        "Microsoft.VSTS.TCM.Steps": null,
        "Microsoft.VSTS.TCM.Parameters": null,
        "Microsoft.VSTS.TCM.LocalDataSource": null,
        "Microsoft.VSTS.TCM.AutomationStatus": null,
        "System.History": null
      },
      "relations": [
        {
          "rel": "System.LinkTypes.Hierarchy-Forward",
          "url": "https://dev.azure.com/ricmart/_apis/wit/workItems/6008",
          "attributes": {
            "isLocked": "false",
            "name": "Child"
          }
        },
        {
          "rel": "System.LinkTypes.Hierarchy-Forward",
          "url": "https://dev.azure.com/ricmart/_apis/wit/workItems/6004",
          "attributes": {
            "isLocked": "false",
            "name": "Child"
          }
        },
        {
          "rel": "System.LinkTypes.Hierarchy-Forward",
          "url": "https://dev.azure.com/ricmart/_apis/wit/workItems/6006",
          "attributes": {
            "isLocked": "false",
            "name": "Child"
          }
        }
      ],
      "url": "https://dev.azure.com/ricmart/_apis/wit/workItems/5998"
    },
    {
      "id": 5999,
      "rev": 9,
      "fields": {
        "System.AreaPath": "Migration Focus Group - IAC",
        "System.TeamProject": "Migration Focus Group - IAC",
        "System.IterationPath": "$ProjectName$\\Testing",
        "System.WorkItemType": "Wave",
        "System.State": "New",
        "System.Reason": "New",
        "System.CreatedDate": "2021-09-16T18:48:55.73Z",
        "System.CreatedBy": "Ricardo Martins <ricmart@microsoft.com>",
        "System.ChangedDate": "2021-09-17T15:11:37.77Z",
        "System.ChangedBy": "Ricardo Martins <ricmart@microsoft.com>",
        "System.Title": "2 - Testing",
        "Microsoft.VSTS.Scheduling.Effort": 0.0,
        "System.Description": null,
        "System.AssignedTo": null,
        "Microsoft.VSTS.Scheduling.RemainingWork": 0.0,
        "Microsoft.VSTS.Common.Priority": 2.0,
        "System.BoardLane": null,
        "System.Tags": null,
        "Microsoft.VSTS.TCM.Steps": null,
        "Microsoft.VSTS.TCM.Parameters": null,
        "Microsoft.VSTS.TCM.LocalDataSource": null,
        "Microsoft.VSTS.TCM.AutomationStatus": null,
        "System.History": null
      },
      "relations": [
        {
          "rel": "System.LinkTypes.Hierarchy-Forward",
          "url": "https://dev.azure.com/ricmart/_apis/wit/workItems/6010",
          "attributes": {
            "isLocked": "false",
            "name": "Child"
          }
        },
        {
          "rel": "System.LinkTypes.Hierarchy-Forward",
          "url": "https://dev.azure.com/ricmart/_apis/wit/workItems/6009",
          "attributes": {
            "isLocked": "false",
            "name": "Child"
          }
        },
        {
          "rel": "System.LinkTypes.Hierarchy-Forward",
          "url": "https://dev.azure.com/ricmart/_apis/wit/workItems/6011",
          "attributes": {
            "isLocked": "false",
            "name": "Child"
          }
        }
      ],
      "url": "https://dev.azure.com/ricmart/_apis/wit/workItems/5999"
    },
    {
      "id": 6005,
      "rev": 8,
      "fields": {
        "System.AreaPath": "Migration Focus Group - IAC",
        "System.TeamProject": "Migration Focus Group - IAC",
        "System.IterationPath": "$ProjectName$\\Migration",
        "System.WorkItemType": "Wave",
        "System.State": "New",
        "System.Reason": "New",
        "System.CreatedDate": "2021-09-16T21:46:46.34Z",
        "System.CreatedBy": "Ricardo Martins <ricmart@microsoft.com>",
        "System.ChangedDate": "2021-09-17T15:11:41.73Z",
        "System.ChangedBy": "Ricardo Martins <ricmart@microsoft.com>",
        "System.Title": "3 - Migration",
        "Microsoft.VSTS.Scheduling.Effort": 0.0,
        "System.Description": null,
        "System.AssignedTo": null,
        "Microsoft.VSTS.Scheduling.RemainingWork": 0.0,
        "Microsoft.VSTS.Common.Priority": 2.0,
        "System.BoardLane": null,
        "System.Tags": null,
        "Microsoft.VSTS.TCM.Steps": null,
        "Microsoft.VSTS.TCM.Parameters": null,
        "Microsoft.VSTS.TCM.LocalDataSource": null,
        "Microsoft.VSTS.TCM.AutomationStatus": null,
        "System.History": null
      },
      "relations": [
        {
          "rel": "System.LinkTypes.Hierarchy-Forward",
          "url": "https://dev.azure.com/ricmart/_apis/wit/workItems/6012",
          "attributes": {
            "isLocked": "false",
            "name": "Child"
          }
        },
        {
          "rel": "System.LinkTypes.Hierarchy-Forward",
          "url": "https://dev.azure.com/ricmart/_apis/wit/workItems/6014",
          "attributes": {
            "isLocked": "false",
            "name": "Child"
          }
        },
        {
          "rel": "System.LinkTypes.Hierarchy-Forward",
          "url": "https://dev.azure.com/ricmart/_apis/wit/workItems/6013",
          "attributes": {
            "isLocked": "false",
            "name": "Child"
          }
        }
      ],
      "url": "https://dev.azure.com/ricmart/_apis/wit/workItems/6005"
    }
  ],
  "HttpStatusCode": 0,
  "Message": null
}